Workbook

Sheet experiment_data_clean
A1: user_id | B1: signup_date | C1: experiment_group | D1: region | E1: device_type | F1: device_type_filled_flag | G1: traffic_source | H1: traffic_source_filled_flag | I1: plan_type | J1: visited_landing_page | K1: started_trial | L1: completed_onboarding | M1: converted_to_paid | N1: invalid_binary_flag | O1: funnel_inconsistent_flag | P1: revenue_30d | Q1: revenue_logic_mismatch_flag | R1: revenue_outlier_flag | S1: support_tickets_30d | T1: has_support_ticket_flag | U1: refund_requested | V1: days_to_convert | W1: days_logic_mismatch_flag | X1: engagement_score | Y1: engagement_score_missing_flag | Z1: revenue_if_converted_helper
A2: USR-100001 | B2: 45732 | C2: Control | D2: North | E2: Desktop | F2: No | G2: Email | H2: No | I2: Basic | J2: 0 | K2: 0 | L2: 0 | M2: 0 | N2: =IF(OR(NOT(OR(J2=0,J2=1)),NOT(OR(K2=0,K2=1)),NOT(OR(L2=0,L2=1)),NOT(OR(M2=0,M2=1)),NOT(OR(U2=0,U2=1))),"Yes","No") -> No | O2: =IF(OR(AND(M2=1,L2=0),AND(L2=1,K2=0),AND(K2=1,J2=0)),"Yes","No") -> No | P2: 0 | Q2: =IF(OR(AND(M2=0,P2>0),AND(M2=1,P2<=0)),"Yes","No") -> No | R2: =IF(AND(M2=1,P2>calc_helpers!$B$5),"Yes","No") -> No | S2: 0 | T2: =IF(S2>0,"Yes","No") -> No | U2: 0 | W2: =IF(OR(AND(M2=1,ISBLANK(V2)),AND(M2=0,NOT(ISBLANK(V2)))),"Yes","No") -> No | X2: 45.7 | Y2: No | Z2: =IF(M2=1,P2,"")
A3: USR-100002 | B3: 45724 | C3: Control | D3: West | E3: Mobile | F3: No | G3: Organic | H3: No | I3: Free | J3: 1 | K3: 0 | L3: 0 | M3: 0 | N3: =IF(OR(NOT(OR(J3=0,J3=1)),NOT(OR(K3=0,K3=1)),NOT(OR(L3=0,L3=1)),NOT(OR(M3=0,M3=1)),NOT(OR(U3=0,U3=1))),"Yes","No") -> No | O3: =IF(OR(AND(M3=1,L3=0),AND(L3=1,K3=0),AND(K3=1,J3=0)),"Yes","No") -> No | P3: 0 | Q3: =IF(OR(AND(M3=0,P3>0),AND(M3=1,P3<=0)),"Yes","No") -> No | R3: =IF(AND(M3=1,P3>calc_helpers!$B$5),"Yes","No") -> No | S3: 0 | T3: =IF(S3>0,"Yes","No") -> No | U3: 0 | W3: =IF(OR(AND(M3=1,ISBLANK(V3)),AND(M3=0,NOT(ISBLANK(V3)))),"Yes","No") -> No | X3: 48.6 | Y3: No | Z3: =IF(M3=1,P3,"")
A4: USR-100003 | B4: 45771 | C4: Control | D4: East | E4: Mobile | F4: No | G4: Paid Search | H4: No | I4: Premium | J4: 1 | K4: 0 | L4: 0 | M4: 0 | N4: =IF(OR(NOT(OR(J4=0,J4=1)),NOT(OR(K4=0,K4=1)),NOT(OR(L4=0,L4=1)),NOT(OR(M4=0,M4=1)),NOT(OR(U4=0,U4=1))),"Yes","No") -> No | O4: =IF(OR(AND(M4=1,L4=0),AND(L4=1,K4=0),AND(K4=1,J4=0)),"Yes","No") -> No | P4: 0 | Q4: =IF(OR(AND(M4=0,P4>0),AND(M4=1,P4<=0)),"Yes","No") -> No | R4: =IF(AND(M4=1,P4>calc_helpers!$B$5),"Yes","No") -> No | S4: 1 | T4: =IF(S4>0,"Yes","No") -> Yes | U4: 0 | W4: =IF(OR(AND(M4=1,ISBLANK(V4)),AND(M4=0,NOT(ISBLANK(V4)))),"Yes","No") -> No | X4: 35.4 | Y4: No | Z4: =IF(M4=1,P4,"")
A5: USR-100004 | B5: 45781 | C5: Control | D5: South | E5: Mobile | F5: No | G5: Email | H5: No | I5: Basic | J5: 1 | K5: 0 | L5: 0 | M5: 0 | N5: =IF(OR(NOT(OR(J5=0,J5=1)),NOT(OR(K5=0,K5=1)),NOT(OR(L5=0,L5=1)),NOT(OR(M5=0,M5=1)),NOT(OR(U5=0,U5=1))),"Yes","No") -> No | O5: =IF(OR(AND(M5=1,L5=0),AND(L5=1,K5=0),AND(K5=1,J5=0)),"Yes","No") -> No | P5: 0 | Q5: =IF(OR(AND(M5=0,P5>0),AND(M5=1,P5<=0)),"Yes","No") -> No | R5: =IF(AND(M5=1,P5>calc_helpers!$B$5),"Yes","No") -> No | S5: 0 | T5: =IF(S5>0,"Yes","No") -> No | U5: 0 | W5: =IF(OR(AND(M5=1,ISBLANK(V5)),AND(M5=0,NOT(ISBLANK(V5)))),"Yes","No") -> No | X5: 64.6 | Y5: No | Z5: =IF(M5=1,P5,"")
A6: USR-100005 | B6: 45700 | C6: Control | D6: North | E6: Tablet | F6: No | G6: Organic | H6: No | I6: Free | J6: 0 | K6: 0 | L6: 0 | M6: 0 | N6: =IF(OR(NOT(OR(J6=0,J6=1)),NOT(OR(K6=0,K6=1)),NOT(OR(L6=0,L6=1)),NOT(OR(M6=0,M6=1)),NOT(OR(U6=0,U6=1))),"Yes","No") -> No | O6: =IF(OR(AND(M6=1,L6=0),AND(L6=1,K6=0),AND(K6=1,J6=0)),"Yes","No") -> No | P6: 0 | Q6: =IF(OR(AND(M6=0,P6>0),AND(M6=1,P6<=0)),"Yes","No") -> No | R6: =IF(AND(M6=1,P6>calc_helpers!$B$5),"Yes","No") -> No | S6: 0 | T6: =IF(S6>0,"Yes","No") -> No | U6: 0 | W6: =IF(OR(AND(M6=1,ISBLANK(V6)),AND(M6=0,NOT(ISBLANK(V6)))),"Yes","No") -> No | X6: 66.6 | Y6: No | Z6: =IF(M6=1,P6,"")
A7: USR-100006 | B7: 45685 | C7: Control | D7: East | E7: Mobile | F7: No | G7: Organic | H7: No | I7: Premium | J7: 1 | K7: 0 | L7: 0 | M7: 0 | N7: =IF(OR(NOT(OR(J7=0,J7=1)),NOT(OR(K7=0,K7=1)),NOT(OR(L7=0,L7=1)),NOT(OR(M7=0,M7=1)),NOT(OR(U7=0,U7=1))),"Yes","No") -> No | O7: =IF(OR(AND(M7=1,L7=0),AND(L7=1,K7=0),AND(K7=1,J7=0)),"Yes","No") -> No | P7: 0 | Q7: =IF(OR(AND(M7=0,P7>0),AND(M7=1,P7<=0)),"Yes","No") -> No | R7: =IF(AND(M7=1,P7>calc_helpers!$B$5),"Yes","No") -> No | S7: 0 | T7: =IF(S7>0,"Yes","No") -> No | U7: 0 | W7: =IF(OR(AND(M7=1,ISBLANK(V7)),AND(M7=0,NOT(ISBLANK(V7)))),"Yes","No") -> No | X7: 40.8 | Y7: No | Z7: =IF(M7=1,P7,"")
A8: USR-100007 | B8: 45755 | C8: Control | D8: East | E8: Mobile | F8: No | G8: Paid Search | H8: No | I8: Basic | J8: 1 | K8: 1 | L8: 0 | M8: 0 | N8: =IF(OR(NOT(OR(J8=0,J8=1)),NOT(OR(K8=0,K8=1)),NOT(OR(L8=0,L8=1)),NOT(OR(M8=0,M8=1)),NOT(OR(U8=0,U8=1))),"Yes","No") -> No | O8: =IF(OR(AND(M8=1,L8=0),AND(L8=1,K8=0),AND(K8=1,J8=0)),"Yes","No") -> No | P8: 0 | Q8: =IF(OR(AND(M8=0,P8>0),AND(M8=1,P8<=0)),"Yes","No") -> No | R8: =IF(AND(M8=1,P8>calc_helpers!$B$5),"Yes","No") -> No | S8: 0 | T8: =IF(S8>0,"Yes","No") -> No | U8: 0 | W8: =IF(OR(AND(M8=1,ISBLANK(V8)),AND(M8=0,NOT(ISBLANK(V8)))),"Yes","No") -> No | X8: 57.1 | Y8: No | Z8: =IF(M8=1,P8,"")
A9: USR-100008 | B9: 45794 | C9: Control | D9: South | E9: Mobile | F9: No | G9: Paid Search | H9: No | I9: Free | J9: 0 | K9: 0 | L9: 0 | M9: 0 | N9: =IF(OR(NOT(OR(J9=0,J9=1)),NOT(OR(K9=0,K9=1)),NOT(OR(L9=0,L9=1)),NOT(OR(M9=0,M9=1)),NOT(OR(U9=0,U9=1))),"Yes","No") -> No | O9: =IF(OR(AND(M9=1,L9=0),AND(L9=1,K9=0),AND(K9=1,J9=0)),"Yes","No") -> No | P9: 0 | Q9: =IF(OR(AND(M9=0,P9>0),AND(M9=1,P9<=0)),"Yes","No") -> No | R9: =IF(AND(M9=1,P9>calc_helpers!$B$5),"Yes","No") -> No | S9: 0 | T9: =IF(S9>0,"Yes","No") -> No | U9: 0 | W9: =IF(OR(AND(M9=1,ISBLANK(V9)),AND(M9=0,NOT(ISBLANK(V9)))),"Yes","No") -> No | X9: 36.4 | Y9: No | Z9: =IF(M9=1,P9,"")
A10: USR-100009 | B10: 45711 | C10: Control | D10: South | E10: Tablet | F10: No | G10: Referral | H10: No | I10: Basic | J10: 0 | K10: 0 | L10: 0 | M10: 0 | N10: =IF(OR(NOT(OR(J10=0,J10=1)),NOT(OR(K10=0,K10=1)),NOT(OR(L10=0,L10=1)),NOT(OR(M10=0,M10=1)),NOT(OR(U10=0,U10=1))),"Yes","No") -> No | O10: =IF(OR(AND(M10=1,L10=0),AND(L10=1,K10=0),AND(K10=1,J10=0)),"Yes","No") -> No | P10: 0 | Q10: =IF(OR(AND(M10=0,P10>0),AND(M10=1,P10<=0)),"Yes","No") -> No | R10: =IF(AND(M10=1,P10>calc_helpers!$B$5),"Yes","No") -> No | S10: 0 | T10: =IF(S10>0,"Yes","No") -> No | U10: 0 | W10: =IF(OR(AND(M10=1,ISBLANK(V10)),AND(M10=0,NOT(ISBLANK(V10)))),"Yes","No") -> No | X10: 55.4 | Y10: No | Z10: =IF(M10=1,P10,"")
A11: USR-100010 | B11: 45806 | C11: Control | D11: West | E11: Desktop | F11: No | G11: Social | H11: No | I11: Free | J11: 1 | K11: 0 | L11: 0 | M11: 0 | N11: =IF(OR(NOT(OR(J11=0,J11=1)),NOT(OR(K11=0,K11=1)),NOT(OR(L11=0,L11=1)),NOT(OR(M11=0,M11=1)),NOT(OR(U11=0,U11=1))),"Yes","No") -> No | O11: =IF(OR(AND(M11=1,L11=0),AND(L11=1,K11=0),AND(K11=1,J11=0)),"Yes","No") -> No | P11: 0 | Q11: =IF(OR(AND(M11=0,P11>0),AND(M11=1,P11<=0)),"Yes","No") -> No | R11: =IF(AND(M11=1,P11>calc_helpers!$B$5),"Yes","No") -> No | S11: 0 | T11: =IF(S11>0,"Yes","No") -> No | U11: 0 | W11: =IF(OR(AND(M11=1,ISBLANK(V11)),AND(M11=0,NOT(ISBLANK(V11)))),"Yes","No") -> No | X11: 57.3 | Y11: No | Z11: =IF(M11=1,P11,"")
A12: USR-100011 | B12: 45777 | C12: Control | D12: East | E12: Mobile | F12: No | G12: Paid Search | H12: No | I12: Basic | J12: 1 | K12: 1 | L12: 1 | M12: 0 | N12: =IF(OR(NOT(OR(J12=0,J12=1)),NOT(OR(K12=0,K12=1)),NOT(OR(L12=0,L12=1)),NOT(OR(M12=0,M12=1)),NOT(OR(U12=0,U12=1))),"Yes","No") -> No | O12: =IF(OR(AND(M12=1,L12=0),AND(L12=1,K12=0),AND(K12=1,J12=0)),"Yes","No") -> No | P12: 0 | Q12: =IF(OR(AND(M12=0,P12>0),AND(M12=1,P12<=0)),"Yes","No") -> No | R12: =IF(AND(M12=1,P12>calc_helpers!$B$5),"Yes","No") -> No | S12: 0 | T12: =IF(S12>0,"Yes","No") -> No | U12: 0 | W12: =IF(OR(AND(M12=1,ISBLANK(V12)),AND(M12=0,NOT(ISBLANK(V12)))),"Yes","No") -> No | X12: 63.6 | Y12: No | Z12: =IF(M12=1,P12,"")
A13: USR-100012 | B13: 45732 | C13: Control | D13: East | E13: Mobile | F13: No | G13: Social | H13: No | I13: Premium | J13: 1 | K13: 1 | L13: 1 | M13: 0 | N13: =IF(OR(NOT(OR(J13=0,J13=1)),NOT(OR(K13=0,K13=1)),NOT(OR(L13=0,L13=1)),NOT(OR(M13=0,M13=1)),NOT(OR(U13=0,U13=1))),"Yes","No") -> No | O13: =IF(OR(AND(M13=1,L13=0),AND(L13=1,K13=0),AND(K13=1,J13=0)),"Yes","No") -> No | P13: 0 | Q13: =IF(OR(AND(M13=0,P13>0),AND(M13=1,P13<=0)),"Yes","No") -> No | R13: =IF(AND(M13=1,P13>calc_helpers!$B$5),"Yes","No") -> No | S13: 1 | T13: =IF(S13>0,"Yes","No") -> Yes | U13: 0 | W13: =IF(OR(AND(M13=1,ISBLANK(V13)),AND(M13=0,NOT(ISBLANK(V13)))),"Yes","No") -> No | X13: 80.4 | Y13: No | Z13: =IF(M13=1,P13,"")
... A60: USR-100059 | B60: 45761 | C60: Control | D60: North | E60: Mobile | F60: No | G60: Social | H60: No | I60: Free | J60: 0 | K60: 0 | L60: 0 | M60: 0 | N60: =IF(OR(NOT(OR(J60=0,J60=1)),NOT(OR(K60=0,K60=1)),NOT(OR(L60=0,L60=1)),NOT(OR(M60=0,M60=1)),NOT(OR(U60=0,U60=1))),"Yes","No") -> No | O60: =IF(OR(AND(M60=1,L60=0),AND(L60=1,K60=0),AND(K60=1,J60=0)),"Yes","No") -> No | P60: 0 | Q60: =IF(OR(AND(M60=0,P60>0),AND(M60=1,P60<=0)),"Yes","No") -> No | R60: =IF(AND(M60=1,P60>calc_helpers!$B$5),"Yes","No") -> No | S60: 2 | T60: =IF(S60>0,"Yes","No") -> Yes | U60: 0 | W60: =IF(OR(AND(M60=1,ISBLANK(V60)),AND(M60=0,NOT(ISBLANK(V60)))),"Yes","No") -> No | X60: 48.9 | Y60: No | Z60: =IF(M60=1,P60,"")
A61: USR-100060 | B61: 45658 | C61: Control | D61: West | E61: Mobile | F61: No | G61: Social | H61: No | I61: Free | J61: 1 | K61: 1 | L61: 1 | M61: 1 | N61: =IF(OR(NOT(OR(J61=0,J61=1)),NOT(OR(K61=0,K61=1)),NOT(OR(L61=0,L61=1)),NOT(OR(M61=0,M61=1)),NOT(OR(U61=0,U61=1))),"Yes","No") -> No | O61: =IF(OR(AND(M61=1,L61=0),AND(L61=1,K61=0),AND(K61=1,J61=0)),"Yes","No") -> No | P61: 240.42 | Q61: =IF(OR(AND(M61=0,P61>0),AND(M61=1,P61<=0)),"Yes","No") -> No | R61: =IF(AND(M61=1,P61>calc_helpers!$B$5),"Yes","No") -> No | S61: 0 | T61: =IF(S61>0,"Yes","No") -> No | U61: 0 | V61: 16 | W61: =IF(OR(AND(M61=1,ISBLANK(V61)),AND(M61=0,NOT(ISBLANK(V61)))),"Yes","No") -> No | X61: 56.5 | Y61: No | Z61: =IF(M61=1,P61,"") -> 240.42
A62: USR-100061 | B62: 45749 | C62: Control | D62: South | E62: Mobile | F62: No | G62: Referral | H62: No | I62: Free | J62: 1 | K62: 0 | L62: 0 | M62: 0 | N62: =IF(OR(NOT(OR(J62=0,J62=1)),NOT(OR(K62=0,K62=1)),NOT(OR(L62=0,L62=1)),NOT(OR(M62=0,M62=1)),NOT(OR(U62=0,U62=1))),"Yes","No") -> No | O62: =IF(OR(AND(M62=1,L62=0),AND(L62=1,K62=0),AND(K62=1,J62=0)),"Yes","No") -> No | P62: 0 | Q62: =IF(OR(AND(M62=0,P62>0),AND(M62=1,P62<=0)),"Yes","No") -> No | R62: =IF(AND(M62=1,P62>calc_helpers!$B$5),"Yes","No") -> No | S62: 0 | T62: =IF(S62>0,"Yes","No") -> No | U62: 0 | W62: =IF(OR(AND(M62=1,ISBLANK(V62)),AND(M62=0,NOT(ISBLANK(V62)))),"Yes","No") -> No | X62: 53.7 | Y62: No | Z62: =IF(M62=1,P62,"")
A63: USR-100062 | B63: 45745 | C63: Control | D63: North | E63: Mobile | F63: No | G63: Social | H63: No | I63: Premium | J63: 0 | K63: 0 | L63: 0 | M63: 0 | N63: =IF(OR(NOT(OR(J63=0,J63=1)),NOT(OR(K63=0,K63=1)),NOT(OR(L63=0,L63=1)),NOT(OR(M63=0,M63=1)),NOT(OR(U63=0,U63=1))),"Yes","No") -> No | O63: =IF(OR(AND(M63=1,L63=0),AND(L63=1,K63=0),AND(K63=1,J63=0)),"Yes","No") -> No | P63: 0 | Q63: =IF(OR(AND(M63=0,P63>0),AND(M63=1,P63<=0)),"Yes","No") -> No | R63: =IF(AND(M63=1,P63>calc_helpers!$B$5),"Yes","No") -> No | S63: 0 | T63: =IF(S63>0,"Yes","No") -> No | U63: 0 | W63: =IF(OR(AND(M63=1,ISBLANK(V63)),AND(M63=0,NOT(ISBLANK(V63)))),"Yes","No") -> No | X63: 62.2 | Y63: No | Z63: =IF(M63=1,P63,"")
A64: USR-100063 | B64: 45792 | C64: Control | D64: South | E64: Desktop | F64: No | G64: Organic | H64: No | I64: Free | J64: 1 | K64: 0 | L64: 0 | M64: 0 | N64: =IF(OR(NOT(OR(J64=0,J64=1)),NOT(OR(K64=0,K64=1)),NOT(OR(L64=0,L64=1)),NOT(OR(M64=0,M64=1)),NOT(OR(U64=0,U64=1))),"Yes","No") -> No | O64: =IF(OR(AND(M64=1,L64=0),AND(L64=1,K64=0),AND(K64=1,J64=0)),"Yes","No") -> No | P64: 0 | Q64: =IF(OR(AND(M64=0,P64>0),AND(M64=1,P64<=0)),"Yes","No") -> No | R64: =IF(AND(M64=1,P64>calc_helpers!$B$5),"Yes","No") -> No | S64: 0 | T64: =IF(S64>0,"Yes","No") -> No | U64: 0 | W64: =IF(OR(AND(M64=1,ISBLANK(V64)),AND(M64=0,NOT(ISBLANK(V64)))),"Yes","No") -> No | X64: 50.2 | Y64: No | Z64: =IF(M64=1,P64,"")
A65: USR-100064 | B65: 45758 | C65: Control | D65: North | E65: Mobile | F65: No | G65: Organic | H65: No | I65: Basic | J65: 1 | K65: 0 | L65: 0 | M65: 0 | N65: =IF(OR(NOT(OR(J65=0,J65=1)),NOT(OR(K65=0,K65=1)),NOT(OR(L65=0,L65=1)),NOT(OR(M65=0,M65=1)),NOT(OR(U65=0,U65=1))),"Yes","No") -> No | O65: =IF(OR(AND(M65=1,L65=0),AND(L65=1,K65=0),AND(K65=1,J65=0)),"Yes","No") -> No | P65: 0 | Q65: =IF(OR(AND(M65=0,P65>0),AND(M65=1,P65<=0)),"Yes","No") -> No | R65: =IF(AND(M65=1,P65>calc_helpers!$B$5),"Yes","No") -> No | S65: 0 | T65: =IF(S65>0,"Yes","No") -> No | U65: 0 | W65: =IF(OR(AND(M65=1,ISBLANK(V65)),AND(M65=0,NOT(ISBLANK(V65)))),"Yes","No") -> No | X65: 74.3 | Y65: No | Z65: =IF(M65=1,P65,"")
A66: USR-100065 | B66: 45723 | C66: Control | D66: South | E66: Desktop | F66: No | G66: Paid Search | H66: No | I66: Free | J66: 1 | K66: 0 | L66: 0 | M66: 0 | N66: =IF(OR(NOT(OR(J66=0,J66=1)),NOT(OR(K66=0,K66=1)),NOT(OR(L66=0,L66=1)),NOT(OR(M66=0,M66=1)),NOT(OR(U66=0,U66=1))),"Yes","No") -> No | O66: =IF(OR(AND(M66=1,L66=0),AND(L66=1,K66=0),AND(K66=1,J66=0)),"Yes","No") -> No | P66: 0 | Q66: =IF(OR(AND(M66=0,P66>0),AND(M66=1,P66<=0)),"Yes","No") -> No | R66: =IF(AND(M66=1,P66>calc_helpers!$B$5),"Yes","No") -> No | S66: 0 | T66: =IF(S66>0,"Yes","No") -> No | U66: 0 | W66: =IF(OR(AND(M66=1,ISBLANK(V66)),AND(M66=0,NOT(ISBLANK(V66)))),"Yes","No") -> No | X66: 58 | Y66: No | Z66: =IF(M66=1,P66,"")
A67: USR-100066 | B67: 45807 | C67: Control | D67: South | E67: Mobile | F67: No | G67: Organic | H67: No | I67: Free | J67: 0 | K67: 0 | L67: 0 | M67: 0 | N67: =IF(OR(NOT(OR(J67=0,J67=1)),NOT(OR(K67=0,K67=1)),NOT(OR(L67=0,L67=1)),NOT(OR(M67=0,M67=1)),NOT(OR(U67=0,U67=1))),"Yes","No") -> No | O67: =IF(OR(AND(M67=1,L67=0),AND(L67=1,K67=0),AND(K67=1,J67=0)),"Yes","No") -> No | P67: 0 | Q67: =IF(OR(AND(M67=0,P67>0),AND(M67=1,P67<=0)),"Yes","No") -> No | R67: =IF(AND(M67=1,P67>calc_helpers!$B$5),"Yes","No") -> No | S67: 0 | T67: =IF(S67>0,"Yes","No") -> No | U67: 0 | W67: =IF(OR(AND(M67=1,ISBLANK(V67)),AND(M67=0,NOT(ISBLANK(V67)))),"Yes","No") -> No | X67: 46.7 | Y67: No | Z67: =IF(M67=1,P67,"")
A68: USR-100067 | B68: 45664 | C68: Control | D68: South | E68: Desktop | F68: No | G68: Organic | H68: No | I68: Premium | J68: 1 | K68: 0 | L68: 0 | M68: 0 | N68: =IF(OR(NOT(OR(J68=0,J68=1)),NOT(OR(K68=0,K68=1)),NOT(OR(L68=0,L68=1)),NOT(OR(M68=0,M68=1)),NOT(OR(U68=0,U68=1))),"Yes","No") -> No | O68: =IF(OR(AND(M68=1,L68=0),AND(L68=1,K68=0),AND(K68=1,J68=0)),"Yes","No") -> No | P68: 0 | Q68: =IF(OR(AND(M68=0,P68>0),AND(M68=1,P68<=0)),"Yes","No") -> No | R68: =IF(AND(M68=1,P68>calc_helpers!$B$5),"Yes","No") -> No | S68: 1 | T68: =IF(S68>0,"Yes","No") -> Yes | U68: 0 | W68: =IF(OR(AND(M68=1,ISBLANK(V68)),AND(M68=0,NOT(ISBLANK(V68)))),"Yes","No") -> No | X68: 49.6 | Y68: No | Z68: =IF(M68=1,P68,"")
A69: USR-100068 | B69: 45785 | C69: Control | D69: West | E69: Mobile | F69: No | G69: Social | H69: No | I69: Free | J69: 0 | K69: 0 | L69: 0 | M69: 0 | N69: =IF(OR(NOT(OR(J69=0,J69=1)),NOT(OR(K69=0,K69=1)),NOT(OR(L69=0,L69=1)),NOT(OR(M69=0,M69=1)),NOT(OR(U69=0,U69=1))),"Yes","No") -> No | O69: =IF(OR(AND(M69=1,L69=0),AND(L69=1,K69=0),AND(K69=1,J69=0)),"Yes","No") -> No | P69: 0 | Q69: =IF(OR(AND(M69=0,P69>0),AND(M69=1,P69<=0)),"Yes","No") -> No | R69: =IF(AND(M69=1,P69>calc_helpers!$B$5),"Yes","No") -> No | S69: 0 | T69: =IF(S69>0,"Yes","No") -> No | U69: 0 | W69: =IF(OR(AND(M69=1,ISBLANK(V69)),AND(M69=0,NOT(ISBLANK(V69)))),"Yes","No") -> No | X69: 60.4 | Y69: No | Z69: =IF(M69=1,P69,"")
A70: USR-100069 | B70: 45735 | C70: Control | D70: East | E70: Desktop | F70: No | G70: Email | H70: No | I70: Free | J70: 1 | K70: 1 | L70: 1 | M70: 0 | N70: =IF(OR(NOT(OR(J70=0,J70=1)),NOT(OR(K70=0,K70=1)),NOT(OR(L70=0,L70=1)),NOT(OR(M70=0,M70=1)),NOT(OR(U70=0,U70=1))),"Yes","No") -> No | O70: =IF(OR(AND(M70=1,L70=0),AND(L70=1,K70=0),AND(K70=1,J70=0)),"Yes","No") -> No | P70: 0 | Q70: =IF(OR(AND(M70=0,P70>0),AND(M70=1,P70<=0)),"Yes","No") -> No | R70: =IF(AND(M70=1,P70>calc_helpers!$B$5),"Yes","No") -> No | S70: 0 | T70: =IF(S70>0,"Yes","No") -> No | U70: 0 | W70: =IF(OR(AND(M70=1,ISBLANK(V70)),AND(M70=0,NOT(ISBLANK(V70)))),"Yes","No") -> No | X70: 55.3 | Y70: No | Z70: =IF(M70=1,P70,"")
A71: USR-100070 | B71: 45793 | C71: Control | D71: North | E71: Desktop | F71: No | G71: Organic | H71: No | I71: Free | J71: 0 | K71: 0 | L71: 0 | M71: 0 | N71: =IF(OR(NOT(OR(J71=0,J71=1)),NOT(OR(K71=0,K71=1)),NOT(OR(L71=0,L71=1)),NOT(OR(M71=0,M71=1)),NOT(OR(U71=0,U71=1))),"Yes","No") -> No | O71: =IF(OR(AND(M71=1,L71=0),AND(L71=1,K71=0),AND(K71=1,J71=0)),"Yes","No") -> No | P71: 0 | Q71: =IF(OR(AND(M71=0,P71>0),AND(M71=1,P71<=0)),"Yes","No") -> No | R71: =IF(AND(M71=1,P71>calc_helpers!$B$5),"Yes","No") -> No | S71: 0 | T71: =IF(S71>0,"Yes","No") -> No | U71: 0 | W71: =IF(OR(AND(M71=1,ISBLANK(V71)),AND(M71=0,NOT(ISBLANK(V71)))),"Yes","No") -> No | X71: 56.2 | Y71: No | Z71: =IF(M71=1,P71,"")
A72: USR-100071 | B72: 45724 | C72: Control | D72: West | E72: Mobile | F72: No | G72: Email | H72: No | I72: Free | J72: 0 | K72: 0 | L72: 0 | M72: 0 | N72: =IF(OR(NOT(OR(J72=0,J72=1)),NOT(OR(K72=0,K72=1)),NOT(OR(L72=0,L72=1)),NOT(OR(M72=0,M72=1)),NOT(OR(U72=0,U72=1))),"Yes","No") -> No | O72: =IF(OR(AND(M72=1,L72=0),AND(L72=1,K72=0),AND(K72=1,J72=0)),"Yes","No") -> No | P72: 0 | Q72: =IF(OR(AND(M72=0,P72>0),AND(M72=1,P72<=0)),"Yes","No") -> No | R72: =IF(AND(M72=1,P72>calc_helpers!$B$5),"Yes","No") -> No | S72: 0 | T72: =IF(S72>0,"Yes","No") -> No | U72: 0 | W72: =IF(OR(AND(M72=1,ISBLANK(V72)),AND(M72=0,NOT(ISBLANK(V72)))),"Yes","No") -> No | X72: 29.4 | Y72: No | Z72: =IF(M72=1,P72,"")
A73: USR-100072 | B73: 45724 | C73: Control | D73: East | E73: Mobile | F73: No | G73: Email | H73: No | I73: Free | J73: 1 | K73: 0 | L73: 0 | M73: 0 | N73: =IF(OR(NOT(OR(J73=0,J73=1)),NOT(OR(K73=0,K73=1)),NOT(OR(L73=0,L73=1)),NOT(OR(M73=0,M73=1)),NOT(OR(U73=0,U73=1))),"Yes","No") -> No | O73: =IF(OR(AND(M73=1,L73=0),AND(L73=1,K73=0),AND(K73=1,J73=0)),"Yes","No") -> No | P73: 0 | Q73: =IF(OR(AND(M73=0,P73>0),AND(M73=1,P73<=0)),"Yes","No") -> No | R73: =IF(AND(M73=1,P73>calc_helpers!$B$5),"Yes","No") -> No | S73: 0 | T73: =IF(S73>0,"Yes","No") -> No | U73: 0 | W73: =IF(OR(AND(M73=1,ISBLANK(V73)),AND(M73=0,NOT(ISBLANK(V73)))),"Yes","No") -> No | X73: 54.2 | Y73: No | Z73: =IF(M73=1,P73,"")
... A79: USR-100078 | B79: 45673 | C79: Control | D79: North | E79: Mobile | F79: No | G79: Organic | H79: No | I79: Free | J79: 0 | K79: 0 | L79: 0 | M79: 0 | N79: =IF(OR(NOT(OR(J79=0,J79=1)),NOT(OR(K79=0,K79=1)),NOT(OR(L79=0,L79=1)),NOT(OR(M79=0,M79=1)),NOT(OR(U79=0,U79=1))),"Yes","No") -> No | O79: =IF(OR(AND(M79=1,L79=0),AND(L79=1,K79=0),AND(K79=1,J79=0)),"Yes","No") -> No | P79: 0 | Q79: =IF(OR(AND(M79=0,P79>0),AND(M79=1,P79<=0)),"Yes","No") -> No | R79: =IF(AND(M79=1,P79>calc_helpers!$B$5),"Yes","No") -> No | S79: 2 | T79: =IF(S79>0,"Yes","No") -> Yes | U79: 0 | W79: =IF(OR(AND(M79=1,ISBLANK(V79)),AND(M79=0,NOT(ISBLANK(V79)))),"Yes","No") -> No | X79: 48.4 | Y79: No | Z79: =IF(M79=1,P79,"")
A80: USR-100079 | B80: 45708 | C80: Control | D80: West | E80: Desktop | F80: No | G80: Organic | H80: No | I80: Free | J80: 1 | K80: 1 | L80: 1 | M80: 1 | N80: =IF(OR(NOT(OR(J80=0,J80=1)),NOT(OR(K80=0,K80=1)),NOT(OR(L80=0,L80=1)),NOT(OR(M80=0,M80=1)),NOT(OR(U80=0,U80=1))),"Yes","No") -> No | O80: =IF(OR(AND(M80=1,L80=0),AND(L80=1,K80=0),AND(K80=1,J80=0)),"Yes","No") -> No | P80: 457.51 | Q80: =IF(OR(AND(M80=0,P80>0),AND(M80=1,P80<=0)),"Yes","No") -> No | R80: =IF(AND(M80=1,P80>calc_helpers!$B$5),"Yes","No") -> No | S80: 0 | T80: =IF(S80>0,"Yes","No") -> No | U80: 0 | V80: 7 | W80: =IF(OR(AND(M80=1,ISBLANK(V80)),AND(M80=0,NOT(ISBLANK(V80)))),"Yes","No") -> No | X80: 38 | Y80: No | Z80: =IF(M80=1,P80,"") -> 457.51
A81: USR-100080 | B81: 45798 | C81: Control | D81: East | E81: Mobile | F81: No | G81: Social | H81: No | I81: Free | J81: 1 | K81: 0 | L81: 0 | M81: 0 | N81: =IF(OR(NOT(OR(J81=0,J81=1)),NOT(OR(K81=0,K81=1)),NOT(OR(L81=0,L81=1)),NOT(OR(M81=0,M81=1)),NOT(OR(U81=0,U81=1))),"Yes","No") -> No | O81: =IF(OR(AND(M81=1,L81=0),AND(L81=1,K81=0),AND(K81=1,J81=0)),"Yes","No") -> No | P81: 0 | Q81: =IF(OR(AND(M81=0,P81>0),AND(M81=1,P81<=0)),"Yes","No") -> No | R81: =IF(AND(M81=1,P81>calc_helpers!$B$5),"Yes","No") -> No | S81: 0 | T81: =IF(S81>0,"Yes","No") -> No | U81: 0 | W81: =IF(OR(AND(M81=1,ISBLANK(V81)),AND(M81=0,NOT(ISBLANK(V81)))),"Yes","No") -> No | X81: 44.2 | Y81: No | Z81: =IF(M81=1,P81,"")
A82: USR-100081 | B82: 45785 | C82: Control | D82: South | E82: Mobile | F82: No | G82: Organic | H82: No | I82: Free | J82: 1 | K82: 1 | L82: 1 | M82: 0 | N82: =IF(OR(NOT(OR(J82=0,J82=1)),NOT(OR(K82=0,K82=1)),NOT(OR(L82=0,L82=1)),NOT(OR(M82=0,M82=1)),NOT(OR(U82=0,U82=1))),"Yes","No") -> No | O82: =IF(OR(AND(M82=1,L82=0),AND(L82=1,K82=0),AND(K82=1,J82=0)),"Yes","No") -> No | P82: 0 | Q82: =IF(OR(AND(M82=0,P82>0),AND(M82=1,P82<=0)),"Yes","No") -> No | R82: =IF(AND(M82=1,P82>calc_helpers!$B$5),"Yes","No") -> No | S82: 0 | T82: =IF(S82>0,"Yes","No") -> No | U82: 0 | W82: =IF(OR(AND(M82=1,ISBLANK(V82)),AND(M82=0,NOT(ISBLANK(V82)))),"Yes","No") -> No | X82: 81.2 | Y82: No | Z82: =IF(M82=1,P82,"")
A83: USR-100082 | B83: 45724 | C83: Control | D83: South | E83: Mobile | F83: No | G83: Referral | H83: No | I83: Free | J83: 1 | K83: 1 | L83: 0 | M83: 0 | N83: =IF(OR(NOT(OR(J83=0,J83=1)),NOT(OR(K83=0,K83=1)),NOT(OR(L83=0,L83=1)),NOT(OR(M83=0,M83=1)),NOT(OR(U83=0,U83=1))),"Yes","No") -> No | O83: =IF(OR(AND(M83=1,L83=0),AND(L83=1,K83=0),AND(K83=1,J83=0)),"Yes","No") -> No | P83: 0 | Q83: =IF(OR(AND(M83=0,P83>0),AND(M83=1,P83<=0)),"Yes","No") -> No | R83: =IF(AND(M83=1,P83>calc_helpers!$B$5),"Yes","No") -> No | S83: 0 | T83: =IF(S83>0,"Yes","No") -> No | U83: 0 | W83: =IF(OR(AND(M83=1,ISBLANK(V83)),AND(M83=0,NOT(ISBLANK(V83)))),"Yes","No") -> No | X83: 63.8 | Y83: No | Z83: =IF(M83=1,P83,"")
A84: USR-100083 | B84: 45748 | C84: Control | D84: South | E84: Desktop | F84: No | G84: Email | H84: No | I84: Free | J84: 0 | K84: 0 | L84: 0 | M84: 0 | N84: =IF(OR(NOT(OR(J84=0,J84=1)),NOT(OR(K84=0,K84=1)),NOT(OR(L84=0,L84=1)),NOT(OR(M84=0,M84=1)),NOT(OR(U84=0,U84=1))),"Yes","No") -> No | O84: =IF(OR(AND(M84=1,L84=0),AND(L84=1,K84=0),AND(K84=1,J84=0)),"Yes","No") -> No | P84: 0 | Q84: =IF(OR(AND(M84=0,P84>0),AND(M84=1,P84<=0)),"Yes","No") -> No | R84: =IF(AND(M84=1,P84>calc_helpers!$B$5),"Yes","No") -> No | S84: 0 | T84: =IF(S84>0,"Yes","No") -> No | U84: 0 | W84: =IF(OR(AND(M84=1,ISBLANK(V84)),AND(M84=0,NOT(ISBLANK(V84)))),"Yes","No") -> No | X84: 64.7 | Y84: No | Z84: =IF(M84=1,P84,"")
A85: USR-100084 | B85: 45719 | C85: Control | D85: West | E85: Mobile | F85: No | G85: Social | H85: No | I85: Basic | J85: 0 | K85: 0 | L85: 0 | M85: 0 | N85: =IF(OR(NOT(OR(J85=0,J85=1)),NOT(OR(K85=0,K85=1)),NOT(OR(L85=0,L85=1)),NOT(OR(M85=0,M85=1)),NOT(OR(U85=0,U85=1))),"Yes","No") -> No | O85: =IF(OR(AND(M85=1,L85=0),AND(L85=1,K85=0),AND(K85=1,J85=0)),"Yes","No") -> No | P85: 0 | Q85: =IF(OR(AND(M85=0,P85>0),AND(M85=1,P85<=0)),"Yes","No") -> No | R85: =IF(AND(M85=1,P85>calc_helpers!$B$5),"Yes","No") -> No | S85: 0 | T85: =IF(S85>0,"Yes","No") -> No | U85: 0 | W85: =IF(OR(AND(M85=1,ISBLANK(V85)),AND(M85=0,NOT(ISBLANK(V85)))),"Yes","No") -> No | X85: 60.4 | Y85: No | Z85: =IF(M85=1,P85,"")
A86: USR-100085 | B86: 45763 | C86: Control | D86: South | E86: Mobile | F86: No | G86: Paid Search | H86: No | I86: Free | J86: 0 | K86: 0 | L86: 0 | M86: 0 | N86: =IF(OR(NOT(OR(J86=0,J86=1)),NOT(OR(K86=0,K86=1)),NOT(OR(L86=0,L86=1)),NOT(OR(M86=0,M86=1)),NOT(OR(U86=0,U86=1))),"Yes","No") -> No | O86: =IF(OR(AND(M86=1,L86=0),AND(L86=1,K86=0),AND(K86=1,J86=0)),"Yes","No") -> No | P86: 0 | Q86: =IF(OR(AND(M86=0,P86>0),AND(M86=1,P86<=0)),"Yes","No") -> No | R86: =IF(AND(M86=1,P86>calc_helpers!$B$5),"Yes","No") -> No | S86: 0 | T86: =IF(S86>0,"Yes","No") -> No | U86: 0 | W86: =IF(OR(AND(M86=1,ISBLANK(V86)),AND(M86=0,NOT(ISBLANK(V86)))),"Yes","No") -> No | X86: 66.6 | Y86: No | Z86: =IF(M86=1,P86,"")
A87: USR-100086 | B87: 45666 | C87: Control | D87: North | E87: Desktop | F87: No | G87: Organic | H87: No | I87: Free | J87: 1 | K87: 0 | L87: 0 | M87: 0 | N87: =IF(OR(NOT(OR(J87=0,J87=1)),NOT(OR(K87=0,K87=1)),NOT(OR(L87=0,L87=1)),NOT(OR(M87=0,M87=1)),NOT(OR(U87=0,U87=1))),"Yes","No") -> No | O87: =IF(OR(AND(M87=1,L87=0),AND(L87=1,K87=0),AND(K87=1,J87=0)),"Yes","No") -> No | P87: 0 | Q87: =IF(OR(AND(M87=0,P87>0),AND(M87=1,P87<=0)),"Yes","No") -> No | R87: =IF(AND(M87=1,P87>calc_helpers!$B$5),"Yes","No") -> No | S87: 0 | T87: =IF(S87>0,"Yes","No") -> No | U87: 0 | W87: =IF(OR(AND(M87=1,ISBLANK(V87)),AND(M87=0,NOT(ISBLANK(V87)))),"Yes","No") -> No | X87: 50.9 | Y87: No | Z87: =IF(M87=1,P87,"")
A88: USR-100087 | B88: 45679 | C88: Control | D88: West | E88: Desktop | F88: No | G88: Social | H88: No | I88: Basic | J88: 0 | K88: 0 | L88: 0 | M88: 0 | N88: =IF(OR(NOT(OR(J88=0,J88=1)),NOT(OR(K88=0,K88=1)),NOT(OR(L88=0,L88=1)),NOT(OR(M88=0,M88=1)),NOT(OR(U88=0,U88=1))),"Yes","No") -> No | O88: =IF(OR(AND(M88=1,L88=0),AND(L88=1,K88=0),AND(K88=1,J88=0)),"Yes","No") -> No | P88: 0 | Q88: =IF(OR(AND(M88=0,P88>0),AND(M88=1,P88<=0)),"Yes","No") -> No | R88: =IF(AND(M88=1,P88>calc_helpers!$B$5),"Yes","No") -> No | S88: 0 | T88: =IF(S88>0,"Yes","No") -> No | U88: 0 | W88: =IF(OR(AND(M88=1,ISBLANK(V88)),AND(M88=0,NOT(ISBLANK(V88)))),"Yes","No") -> No | X88: 51 | Y88: No | Z88: =IF(M88=1,P88,"")
A89: USR-100088 | B89: 45777 | C89: Control | D89: South | E89: Mobile | F89: No | G89: Email | H89: No | I89: Premium | J89: 0 | K89: 0 | L89: 0 | M89: 0 | N89: =IF(OR(NOT(OR(J89=0,J89=1)),NOT(OR(K89=0,K89=1)),NOT(OR(L89=0,L89=1)),NOT(OR(M89=0,M89=1)),NOT(OR(U89=0,U89=1))),"Yes","No") -> No | O89: =IF(OR(AND(M89=1,L89=0),AND(L89=1,K89=0),AND(K89=1,J89=0)),"Yes","No") -> No | P89: 0 | Q89: =IF(OR(AND(M89=0,P89>0),AND(M89=1,P89<=0)),"Yes","No") -> No | R89: =IF(AND(M89=1,P89>calc_helpers!$B$5),"Yes","No") -> No | S89: 0 | T89: =IF(S89>0,"Yes","No") -> No | U89: 0 | W89: =IF(OR(AND(M89=1,ISBLANK(V89)),AND(M89=0,NOT(ISBLANK(V89)))),"Yes","No") -> No | X89: 65.8 | Y89: No | Z89: =IF(M89=1,P89,"")
A90: USR-100089 | B90: 45772 | C90: Control | D90: North | E90: Mobile | F90: No | G90: Referral | H90: No | I90: Basic | J90: 1 | K90: 0 | L90: 0 | M90: 0 | N90: =IF(OR(NOT(OR(J90=0,J90=1)),NOT(OR(K90=0,K90=1)),NOT(OR(L90=0,L90=1)),NOT(OR(M90=0,M90=1)),NOT(OR(U90=0,U90=1))),"Yes","No") -> No | O90: =IF(OR(AND(M90=1,L90=0),AND(L90=1,K90=0),AND(K90=1,J90=0)),"Yes","No") -> No | P90: 0 | Q90: =IF(OR(AND(M90=0,P90>0),AND(M90=1,P90<=0)),"Yes","No") -> No | R90: =IF(AND(M90=1,P90>calc_helpers!$B$5),"Yes","No") -> No | S90: 0 | T90: =IF(S90>0,"Yes","No") -> No | U90: 0 | W90: =IF(OR(AND(M90=1,ISBLANK(V90)),AND(M90=0,NOT(ISBLANK(V90)))),"Yes","No") -> No | X90: 61.8 | Y90: No | Z90: =IF(M90=1,P90,"")
A91: USR-100090 | B91: 45689 | C91: Control | D91: North | E91: Mobile | F91: No | G91: Organic | H91: No | I91: Basic | J91: 1 | K91: 0 | L91: 0 | M91: 0 | N91: =IF(OR(NOT(OR(J91=0,J91=1)),NOT(OR(K91=0,K91=1)),NOT(OR(L91=0,L91=1)),NOT(OR(M91=0,M91=1)),NOT(OR(U91=0,U91=1))),"Yes","No") -> No | O91: =IF(OR(AND(M91=1,L91=0),AND(L91=1,K91=0),AND(K91=1,J91=0)),"Yes","No") -> No | P91: 0 | Q91: =IF(OR(AND(M91=0,P91>0),AND(M91=1,P91<=0)),"Yes","No") -> No | R91: =IF(AND(M91=1,P91>calc_helpers!$B$5),"Yes","No") -> No | S91: 0 | T91: =IF(S91>0,"Yes","No") -> No | U91: 0 | W91: =IF(OR(AND(M91=1,ISBLANK(V91)),AND(M91=0,NOT(ISBLANK(V91)))),"Yes","No") -> No | X91: 54.5 | Y91: No | Z91: =IF(M91=1,P91,"")
A92: USR-100091 | B92: 45770 | C92: Control | D92: South | E92: Desktop | F92: No | G92: Organic | H92: No | I92: Free | J92: 1 | K92: 0 | L92: 0 | M92: 0 | N92: =IF(OR(NOT(OR(J92=0,J92=1)),NOT(OR(K92=0,K92=1)),NOT(OR(L92=0,L92=1)),NOT(OR(M92=0,M92=1)),NOT(OR(U92=0,U92=1))),"Yes","No") -> No | O92: =IF(OR(AND(M92=1,L92=0),AND(L92=1,K92=0),AND(K92=1,J92=0)),"Yes","No") -> No | P92: 0 | Q92: =IF(OR(AND(M92=0,P92>0),AND(M92=1,P92<=0)),"Yes","No") -> No | R92: =IF(AND(M92=1,P92>calc_helpers!$B$5),"Yes","No") -> No | S92: 0 | T92: =IF(S92>0,"Yes","No") -> No | U92: 0 | W92: =IF(OR(AND(M92=1,ISBLANK(V92)),AND(M92=0,NOT(ISBLANK(V92)))),"Yes","No") -> No | X92: 72.2 | Y92: No | Z92: =IF(M92=1,P92,"")
... A99: USR-100098 | B99: 45699 | C99: Control | D99: North | E99: Desktop | F99: No | G99: Organic | H99: No | I99: Premium | J99: 1 | K99: 0 | L99: 0 | M99: 0 | N99: =IF(OR(NOT(OR(J99=0,J99=1)),NOT(OR(K99=0,K99=1)),NOT(OR(L99=0,L99=1)),NOT(OR(M99=0,M99=1)),NOT(OR(U99=0,U99=1))),"Yes","No") -> No | O99: =IF(OR(AND(M99=1,L99=0),AND(L99=1,K99=0),AND(K99=1,J99=0)),"Yes","No") -> No | P99: 0 | Q99: =IF(OR(AND(M99=0,P99>0),AND(M99=1,P99<=0)),"Yes","No") -> No | R99: =IF(AND(M99=1,P99>calc_helpers!$B$5),"Yes","No") -> No | S99: 0 | T99: =IF(S99>0,"Yes","No") -> No | U99: 0 | W99: =IF(OR(AND(M99=1,ISBLANK(V99)),AND(M99=0,NOT(ISBLANK(V99)))),"Yes","No") -> No | X99: 63.2 | Y99: No | Z99: =IF(M99=1,P99,"")
A100: USR-100099 | B100: 45699 | C100: Control | D100: East | E100: Desktop | F100: No | G100: Social | H100: No | I100: Free | J100: 1 | K100: 1 | L100: 1 | M100: 1 | N100: =IF(OR(NOT(OR(J100=0,J100=1)),NOT(OR(K100=0,K100=1)),NOT(OR(L100=0,L100=1)),NOT(OR(M100=0,M100=1)),NOT(OR(U100=0,U100=1))),"Yes","No") -> No | O100: =IF(OR(AND(M100=1,L100=0),AND(L100=1,K100=0),AND(K100=1,J100=0)),"Yes","No") -> No | P100: 363.32 | Q100: =IF(OR(AND(M100=0,P100>0),AND(M100=1,P100<=0)),"Yes","No") -> No | R100: =IF(AND(M100=1,P100>calc_helpers!$B$5),"Yes","No") -> No | S100: 0 | T100: =IF(S100>0,"Yes","No") -> No | U100: 0 | V100: 9 | W100: =IF(OR(AND(M100=1,ISBLANK(V100)),AND(M100=0,NOT(ISBLANK(V100)))),"Yes","No") -> No | X100: 55.9 | Y100: No | Z100: =IF(M100=1,P100,"") -> 363.32
A101: USR-100100 | B101: 45803 | C101: Control | D101: North | E101: Mobile | F101: No | G101: Organic | H101: No | I101: Free | J101: 1 | K101: 0 | L101: 0 | M101: 0 | N101: =IF(OR(NOT(OR(J101=0,J101=1)),NOT(OR(K101=0,K101=1)),NOT(OR(L101=0,L101=1)),NOT(OR(M101=0,M101=1)),NOT(OR(U101=0,U101=1))),"Yes","No") -> No | O101: =IF(OR(AND(M101=1,L101=0),AND(L101=1,K101=0),AND(K101=1,J101=0)),"Yes","No") -> No | P101: 0 | Q101: =IF(OR(AND(M101=0,P101>0),AND(M101=1,P101<=0)),"Yes","No") -> No | R101: =IF(AND(M101=1,P101>calc_helpers!$B$5),"Yes","No") -> No | S101: 0 | T101: =IF(S101>0,"Yes","No") -> No | U101: 0 | W101: =IF(OR(AND(M101=1,ISBLANK(V101)),AND(M101=0,NOT(ISBLANK(V101)))),"Yes","No") -> No | X101: 63.5 | Y101: No | Z101: =IF(M101=1,P101,"")
A102: USR-100101 | B102: 45738 | C102: Control | D102: North | E102: Mobile | F102: No | G102: Paid Search | H102: No | I102: Basic | J102: 1 | K102: 0 | L102: 0 | M102: 0 | N102: =IF(OR(NOT(OR(J102=0,J102=1)),NOT(OR(K102=0,K102=1)),NOT(OR(L102=0,L102=1)),NOT(OR(M102=0,M102=1)),NOT(OR(U102=0,U102=1))),"Yes","No") -> No | O102: =IF(OR(AND(M102=1,L102=0),AND(L102=1,K102=0),AND(K102=1,J102=0)),"Yes","No") -> No | P102: 0 | Q102: =IF(OR(AND(M102=0,P102>0),AND(M102=1,P102<=0)),"Yes","No") -> No | R102: =IF(AND(M102=1,P102>calc_helpers!$B$5),"Yes","No") -> No | S102: 0 | T102: =IF(S102>0,"Yes","No") -> No | U102: 0 | W102: =IF(OR(AND(M102=1,ISBLANK(V102)),AND(M102=0,NOT(ISBLANK(V102)))),"Yes","No") -> No | X102: 51.5 | Y102: No | Z102: =IF(M102=1,P102,"")
A103: USR-100102 | B103: 45755 | C103: Control | D103: West | E103: Mobile | F103: No | G103: Paid Search | H103: No | I103: Free | J103: 1 | K103: 0 | L103: 0 | M103: 0 | N103: =IF(OR(NOT(OR(J103=0,J103=1)),NOT(OR(K103=0,K103=1)),NOT(OR(L103=0,L103=1)),NOT(OR(M103=0,M103=1)),NOT(OR(U103=0,U103=1))),"Yes","No") -> No | O103: =IF(OR(AND(M103=1,L103=0),AND(L103=1,K103=0),AND(K103=1,J103=0)),"Yes","No") -> No | P103: 0 | Q103: =IF(OR(AND(M103=0,P103>0),AND(M103=1,P103<=0)),"Yes","No") -> No | R103: =IF(AND(M103=1,P103>calc_helpers!$B$5),"Yes","No") -> No | S103: 0 | T103: =IF(S103>0,"Yes","No") -> No | U103: 0 | W103: =IF(OR(AND(M103=1,ISBLANK(V103)),AND(M103=0,NOT(ISBLANK(V103)))),"Yes","No") -> No | X103: 74.4 | Y103: No | Z103: =IF(M103=1,P103,"")
A104: USR-100103 | B104: 45761 | C104: Control | D104: North | E104: Desktop | F104: No | G104: Social | H104: No | I104: Free | J104: 1 | K104: 1 | L104: 1 | M104: 1 | N104: =IF(OR(NOT(OR(J104=0,J104=1)),NOT(OR(K104=0,K104=1)),NOT(OR(L104=0,L104=1)),NOT(OR(M104=0,M104=1)),NOT(OR(U104=0,U104=1))),"Yes","No") -> No | O104: =IF(OR(AND(M104=1,L104=0),AND(L104=1,K104=0),AND(K104=1,J104=0)),"Yes","No") -> No | P104: 3887.98 | Q104: =IF(OR(AND(M104=0,P104>0),AND(M104=1,P104<=0)),"Yes","No") -> No | R104: =IF(AND(M104=1,P104>calc_helpers!$B$5),"Yes","No") -> Yes | S104: 0 | T104: =IF(S104>0,"Yes","No") -> No | U104: 0 | V104: 13 | W104: =IF(OR(AND(M104=1,ISBLANK(V104)),AND(M104=0,NOT(ISBLANK(V104)))),"Yes","No") -> No | X104: 60.2 | Y104: No | Z104: =IF(M104=1,P104,"") -> 3887.98
A105: USR-100104 | B105: 45743 | C105: Control | D105: South | E105: Mobile | F105: No | G105: Email | H105: No | I105: Free | J105: 1 | K105: 0 | L105: 0 | M105: 0 | N105: =IF(OR(NOT(OR(J105=0,J105=1)),NOT(OR(K105=0,K105=1)),NOT(OR(L105=0,L105=1)),NOT(OR(M105=0,M105=1)),NOT(OR(U105=0,U105=1))),"Yes","No") -> No | O105: =IF(OR(AND(M105=1,L105=0),AND(L105=1,K105=0),AND(K105=1,J105=0)),"Yes","No") -> No | P105: 0 | Q105: =IF(OR(AND(M105=0,P105>0),AND(M105=1,P105<=0)),"Yes","No") -> No | R105: =IF(AND(M105=1,P105>calc_helpers!$B$5),"Yes","No") -> No | S105: 1 | T105: =IF(S105>0,"Yes","No") -> Yes | U105: 0 | W105: =IF(OR(AND(M105=1,ISBLANK(V105)),AND(M105=0,NOT(ISBLANK(V105)))),"Yes","No") -> No | X105: 67.2 | Y105: No | Z105: =IF(M105=1,P105,"")
A106: USR-100105 | B106: 45662 | C106: Control | D106: South | E106: Mobile | F106: No | G106: Social | H106: No | I106: Free | J106: 1 | K106: 1 | L106: 1 | M106: 0 | N106: =IF(OR(NOT(OR(J106=0,J106=1)),NOT(OR(K106=0,K106=1)),NOT(OR(L106=0,L106=1)),NOT(OR(M106=0,M106=1)),NOT(OR(U106=0,U106=1))),"Yes","No") -> No | O106: =IF(OR(AND(M106=1,L106=0),AND(L106=1,K106=0),AND(K106=1,J106=0)),"Yes","No") -> No | P106: 0 | Q106: =IF(OR(AND(M106=0,P106>0),AND(M106=1,P106<=0)),"Yes","No") -> No | R106: =IF(AND(M106=1,P106>calc_helpers!$B$5),"Yes","No") -> No | S106: 0 | T106: =IF(S106>0,"Yes","No") -> No | U106: 0 | W106: =IF(OR(AND(M106=1,ISBLANK(V106)),AND(M106=0,NOT(ISBLANK(V106)))),"Yes","No") -> No | X106: 79.6 | Y106: No | Z106: =IF(M106=1,P106,"")
A107: USR-100106 | B107: 45682 | C107: Control | D107: South | E107: Mobile | F107: No | G107: Social | H107: No | I107: Basic | J107: 1 | K107: 1 | L107: 1 | M107: 1 | N107: =IF(OR(NOT(OR(J107=0,J107=1)),NOT(OR(K107=0,K107=1)),NOT(OR(L107=0,L107=1)),NOT(OR(M107=0,M107=1)),NOT(OR(U107=0,U107=1))),"Yes","No") -> No | O107: =IF(OR(AND(M107=1,L107=0),AND(L107=1,K107=0),AND(K107=1,J107=0)),"Yes","No") -> No | P107: 8610.72 | Q107: =IF(OR(AND(M107=0,P107>0),AND(M107=1,P107<=0)),"Yes","No") -> No | R107: =IF(AND(M107=1,P107>calc_helpers!$B$5),"Yes","No") -> Yes | S107: 0 | T107: =IF(S107>0,"Yes","No") -> No | U107: 0 | V107: 6 | W107: =IF(OR(AND(M107=1,ISBLANK(V107)),AND(M107=0,NOT(ISBLANK(V107)))),"Yes","No") -> No | X107: 61 | Y107: No | Z107: =IF(M107=1,P107,"") -> 8610.72
A108: USR-100107 | B108: 45680 | C108: Control | D108: West | E108: Mobile | F108: No | G108: Email | H108: No | I108: Free | J108: 1 | K108: 1 | L108: 1 | M108: 0 | N108: =IF(OR(NOT(OR(J108=0,J108=1)),NOT(OR(K108=0,K108=1)),NOT(OR(L108=0,L108=1)),NOT(OR(M108=0,M108=1)),NOT(OR(U108=0,U108=1))),"Yes","No") -> No | O108: =IF(OR(AND(M108=1,L108=0),AND(L108=1,K108=0),AND(K108=1,J108=0)),"Yes","No") -> No | P108: 0 | Q108: =IF(OR(AND(M108=0,P108>0),AND(M108=1,P108<=0)),"Yes","No") -> No | R108: =IF(AND(M108=1,P108>calc_helpers!$B$5),"Yes","No") -> No | S108: 4 | T108: =IF(S108>0,"Yes","No") -> Yes | U108: 0 | W108: =IF(OR(AND(M108=1,ISBLANK(V108)),AND(M108=0,NOT(ISBLANK(V108)))),"Yes","No") -> No | X108: 51.1 | Y108: No | Z108: =IF(M108=1,P108,"")
A109: USR-100108 | B109: 45802 | C109: Control | D109: East | E109: Desktop | F109: No | G109: Referral | H109: No | I109: Free | J109: 1 | K109: 0 | L109: 0 | M109: 0 | N109: =IF(OR(NOT(OR(J109=0,J109=1)),NOT(OR(K109=0,K109=1)),NOT(OR(L109=0,L109=1)),NOT(OR(M109=0,M109=1)),NOT(OR(U109=0,U109=1))),"Yes","No") -> No | O109: =IF(OR(AND(M109=1,L109=0),AND(L109=1,K109=0),AND(K109=1,J109=0)),"Yes","No") -> No | P109: 0 | Q109: =IF(OR(AND(M109=0,P109>0),AND(M109=1,P109<=0)),"Yes","No") -> No | R109: =IF(AND(M109=1,P109>calc_helpers!$B$5),"Yes","No") -> No | S109: 0 | T109: =IF(S109>0,"Yes","No") -> No | U109: 0 | W109: =IF(OR(AND(M109=1,ISBLANK(V109)),AND(M109=0,NOT(ISBLANK(V109)))),"Yes","No") -> No | X109: 92.1 | Y109: No | Z109: =IF(M109=1,P109,"")
A110: USR-100109 | B110: 45738 | C110: Control | D110: South | E110: Mobile | F110: No | G110: Referral | H110: No | I110: Basic | J110: 0 | K110: 0 | L110: 0 | M110: 0 | N110: =IF(OR(NOT(OR(J110=0,J110=1)),NOT(OR(K110=0,K110=1)),NOT(OR(L110=0,L110=1)),NOT(OR(M110=0,M110=1)),NOT(OR(U110=0,U110=1))),"Yes","No") -> No | O110: =IF(OR(AND(M110=1,L110=0),AND(L110=1,K110=0),AND(K110=1,J110=0)),"Yes","No") -> No | P110: 0 | Q110: =IF(OR(AND(M110=0,P110>0),AND(M110=1,P110<=0)),"Yes","No") -> No | R110: =IF(AND(M110=1,P110>calc_helpers!$B$5),"Yes","No") -> No | S110: 0 | T110: =IF(S110>0,"Yes","No") -> No | U110: 0 | W110: =IF(OR(AND(M110=1,ISBLANK(V110)),AND(M110=0,NOT(ISBLANK(V110)))),"Yes","No") -> No | X110: 82.1 | Y110: No | Z110: =IF(M110=1,P110,"")
A111: USR-100110 | B111: 45700 | C111: Control | D111: West | E111: Desktop | F111: No | G111: Paid Search | H111: No | I111: Basic | J111: 1 | K111: 0 | L111: 0 | M111: 0 | N111: =IF(OR(NOT(OR(J111=0,J111=1)),NOT(OR(K111=0,K111=1)),NOT(OR(L111=0,L111=1)),NOT(OR(M111=0,M111=1)),NOT(OR(U111=0,U111=1))),"Yes","No") -> No | O111: =IF(OR(AND(M111=1,L111=0),AND(L111=1,K111=0),AND(K111=1,J111=0)),"Yes","No") -> No | P111: 0 | Q111: =IF(OR(AND(M111=0,P111>0),AND(M111=1,P111<=0)),"Yes","No") -> No | R111: =IF(AND(M111=1,P111>calc_helpers!$B$5),"Yes","No") -> No | S111: 1 | T111: =IF(S111>0,"Yes","No") -> Yes | U111: 0 | W111: =IF(OR(AND(M111=1,ISBLANK(V111)),AND(M111=0,NOT(ISBLANK(V111)))),"Yes","No") -> No | X111: 74 | Y111: No | Z111: =IF(M111=1,P111,"")
A112: USR-100111 | B112: 45775 | C112: Control | D112: West | E112: Desktop | F112: No | G112: Organic | H112: No | I112: Basic | J112: 1 | K112: 0 | L112: 0 | M112: 0 | N112: =IF(OR(NOT(OR(J112=0,J112=1)),NOT(OR(K112=0,K112=1)),NOT(OR(L112=0,L112=1)),NOT(OR(M112=0,M112=1)),NOT(OR(U112=0,U112=1))),"Yes","No") -> No | O112: =IF(OR(AND(M112=1,L112=0),AND(L112=1,K112=0),AND(K112=1,J112=0)),"Yes","No") -> No | P112: 0 | Q112: =IF(OR(AND(M112=0,P112>0),AND(M112=1,P112<=0)),"Yes","No") -> No | R112: =IF(AND(M112=1,P112>calc_helpers!$B$5),"Yes","No") -> No | S112: 0 | T112: =IF(S112>0,"Yes","No") -> No | U112: 0 | W112: =IF(OR(AND(M112=1,ISBLANK(V112)),AND(M112=0,NOT(ISBLANK(V112)))),"Yes","No") -> No | X112: 63.4 | Y112: No | Z112: =IF(M112=1,P112,"")
A113: USR-100112 | B113: 45687 | C113: Control | D113: North | E113: Mobile | F113: No | G113: Organic | H113: No | I113: Basic | J113: 1 | K113: 0 | L113: 0 | M113: 0 | N113: =IF(OR(NOT(OR(J113=0,J113=1)),NOT(OR(K113=0,K113=1)),NOT(OR(L113=0,L113=1)),NOT(OR(M113=0,M113=1)),NOT(OR(U113=0,U113=1))),"Yes","No") -> No | O113: =IF(OR(AND(M113=1,L113=0),AND(L113=1,K113=0),AND(K113=1,J113=0)),"Yes","No") -> No | P113: 0 | Q113: =IF(OR(AND(M113=0,P113>0),AND(M113=1,P113<=0)),"Yes","No") -> No | R113: =IF(AND(M113=1,P113>calc_helpers!$B$5),"Yes","No") -> No | S113: 0 | T113: =IF(S113>0,"Yes","No") -> No | U113: 0 | W113: =IF(OR(AND(M113=1,ISBLANK(V113)),AND(M113=0,NOT(ISBLANK(V113)))),"Yes","No") -> No | X113: 53.2 | Y113: No | Z113: =IF(M113=1,P113,"")
A114: USR-100113 | B114: 45796 | C114: Control | D114: East | E114: Tablet | F114: No | G114: Paid Search | H114: No | I114: Free | J114: 0 | K114: 0 | L114: 0 | M114: 0 | N114: =IF(OR(NOT(OR(J114=0,J114=1)),NOT(OR(K114=0,K114=1)),NOT(OR(L114=0,L114=1)),NOT(OR(M114=0,M114=1)),NOT(OR(U114=0,U114=1))),"Yes","No") -> No | O114: =IF(OR(AND(M114=1,L114=0),AND(L114=1,K114=0),AND(K114=1,J114=0)),"Yes","No") -> No | P114: 0 | Q114: =IF(OR(AND(M114=0,P114>0),AND(M114=1,P114<=0)),"Yes","No") -> No | R114: =IF(AND(M114=1,P114>calc_helpers!$B$5),"Yes","No") -> No | S114: 0 | T114: =IF(S114>0,"Yes","No") -> No | U114: 0 | W114: =IF(OR(AND(M114=1,ISBLANK(V114)),AND(M114=0,NOT(ISBLANK(V114)))),"Yes","No") -> No | X114: 48.1 | Y114: No | Z114: =IF(M114=1,P114,"")
A115: USR-100114 | B115: 45680 | C115: Control | D115: South | E115: Mobile | F115: No | G115: Social | H115: No | I115: Free | J115: 1 | K115: 1 | L115: 0 | M115: 0 | N115: =IF(OR(NOT(OR(J115=0,J115=1)),NOT(OR(K115=0,K115=1)),NOT(OR(L115=0,L115=1)),NOT(OR(M115=0,M115=1)),NOT(OR(U115=0,U115=1))),"Yes","No") -> No | O115: =IF(OR(AND(M115=1,L115=0),AND(L115=1,K115=0),AND(K115=1,J115=0)),"Yes","No") -> No | P115: 0 | Q115: =IF(OR(AND(M115=0,P115>0),AND(M115=1,P115<=0)),"Yes","No") -> No | R115: =IF(AND(M115=1,P115>calc_helpers!$B$5),"Yes","No") -> No | S115: 0 | T115: =IF(S115>0,"Yes","No") -> No | U115: 0 | W115: =IF(OR(AND(M115=1,ISBLANK(V115)),AND(M115=0,NOT(ISBLANK(V115)))),"Yes","No") -> No | X115: 61.5 | Y115: No | Z115: =IF(M115=1,P115,"")
A116: USR-100115 | B116: 45744 | C116: Control | D116: East | E116: Desktop | F116: No | G116: Social | H116: No | I116: Free | J116: 1 | K116: 0 | L116: 0 | M116: 0 | N116: =IF(OR(NOT(OR(J116=0,J116=1)),NOT(OR(K116=0,K116=1)),NOT(OR(L116=0,L116=1)),NOT(OR(M116=0,M116=1)),NOT(OR(U116=0,U116=1))),"Yes","No") -> No | O116: =IF(OR(AND(M116=1,L116=0),AND(L116=1,K116=0),AND(K116=1,J116=0)),"Yes","No") -> No | P116: 0 | Q116: =IF(OR(AND(M116=0,P116>0),AND(M116=1,P116<=0)),"Yes","No") -> No | R116: =IF(AND(M116=1,P116>calc_helpers!$B$5),"Yes","No") -> No | S116: 0 | T116: =IF(S116>0,"Yes","No") -> No | U116: 0 | W116: =IF(OR(AND(M116=1,ISBLANK(V116)),AND(M116=0,NOT(ISBLANK(V116)))),"Yes","No") -> No | X116: 63.2 | Y116: No | Z116: =IF(M116=1,P116,"")
A117: USR-100116 | B117: 45668 | C117: Control | D117: West | E117: Mobile | F117: No | G117: Organic | H117: No | I117: Free | J117: 0 | K117: 0 | L117: 0 | M117: 0 | N117: =IF(OR(NOT(OR(J117=0,J117=1)),NOT(OR(K117=0,K117=1)),NOT(OR(L117=0,L117=1)),NOT(OR(M117=0,M117=1)),NOT(OR(U117=0,U117=1))),"Yes","No") -> No | O117: =IF(OR(AND(M117=1,L117=0),AND(L117=1,K117=0),AND(K117=1,J117=0)),"Yes","No") -> No | P117: 0 | Q117: =IF(OR(AND(M117=0,P117>0),AND(M117=1,P117<=0)),"Yes","No") -> No | R117: =IF(AND(M117=1,P117>calc_helpers!$B$5),"Yes","No") -> No | S117: 0 | T117: =IF(S117>0,"Yes","No") -> No | U117: 0 | W117: =IF(OR(AND(M117=1,ISBLANK(V117)),AND(M117=0,NOT(ISBLANK(V117)))),"Yes","No") -> No | X117: 71.9 | Y117: No | Z117: =IF(M117=1,P117,"")
A118: USR-100117 | B118: 45758 | C118: Control | D118: North | E118: Mobile | F118: No | G118: Referral | H118: No | I118: Free | J118: 0 | K118: 0 | L118: 0 | M118: 0 | N118: =IF(OR(NOT(OR(J118=0,J118=1)),NOT(OR(K118=0,K118=1)),NOT(OR(L118=0,L118=1)),NOT(OR(M118=0,M118=1)),NOT(OR(U118=0,U118=1))),"Yes","No") -> No | O118: =IF(OR(AND(M118=1,L118=0),AND(L118=1,K118=0),AND(K118=1,J118=0)),"Yes","No") -> No | P118: 0 | Q118: =IF(OR(AND(M118=0,P118>0),AND(M118=1,P118<=0)),"Yes","No") -> No | R118: =IF(AND(M118=1,P118>calc_helpers!$B$5),"Yes","No") -> No | S118: 0 | T118: =IF(S118>0,"Yes","No") -> No | U118: 0 | W118: =IF(OR(AND(M118=1,ISBLANK(V118)),AND(M118=0,NOT(ISBLANK(V118)))),"Yes","No") -> No | X118: 62.7 | Y118: No | Z118: =IF(M118=1,P118,"")
A119: USR-100118 | B119: 45659 | C119: Control | D119: West | E119: Mobile | F119: No | G119: Paid Search | H119: No | I119: Free | J119: 1 | K119: 0 | L119: 0 | M119: 0 | N119: =IF(OR(NOT(OR(J119=0,J119=1)),NOT(OR(K119=0,K119=1)),NOT(OR(L119=0,L119=1)),NOT(OR(M119=0,M119=1)),NOT(OR(U119=0,U119=1))),"Yes","No") -> No | O119: =IF(OR(AND(M119=1,L119=0),AND(L119=1,K119=0),AND(K119=1,J119=0)),"Yes","No") -> No | P119: 0 | Q119: =IF(OR(AND(M119=0,P119>0),AND(M119=1,P119<=0)),"Yes","No") -> No | R119: =IF(AND(M119=1,P119>calc_helpers!$B$5),"Yes","No") -> No | S119: 0 | T119: =IF(S119>0,"Yes","No") -> No | U119: 0 | W119: =IF(OR(AND(M119=1,ISBLANK(V119)),AND(M119=0,NOT(ISBLANK(V119)))),"Yes","No") -> No | X119: 51.5 | Y119: No | Z119: =IF(M119=1,P119,"")
... A142: USR-100141 | B142: 45676 | C142: Control | D142: South | E142: Mobile | F142: No | G142: Organic | H142: No | I142: Free | J142: 0 | K142: 0 | L142: 0 | M142: 0 | N142: =IF(OR(NOT(OR(J142=0,J142=1)),NOT(OR(K142=0,K142=1)),NOT(OR(L142=0,L142=1)),NOT(OR(M142=0,M142=1)),NOT(OR(U142=0,U142=1))),"Yes","No") -> No | O142: =IF(OR(AND(M142=1,L142=0),AND(L142=1,K142=0),AND(K142=1,J142=0)),"Yes","No") -> No | P142: 0 | Q142: =IF(OR(AND(M142=0,P142>0),AND(M142=1,P142<=0)),"Yes","No") -> No | R142: =IF(AND(M142=1,P142>calc_helpers!$B$5),"Yes","No") -> No | S142: 0 | T142: =IF(S142>0,"Yes","No") -> No | U142: 0 | W142: =IF(OR(AND(M142=1,ISBLANK(V142)),AND(M142=0,NOT(ISBLANK(V142)))),"Yes","No") -> No | X142: 49.6 | Y142: No | Z142: =IF(M142=1,P142,"")
A143: USR-100142 | B143: 45750 | C143: Control | D143: West | E143: Desktop | F143: No | G143: Social | H143: No | I143: Free | J143: 1 | K143: 1 | L143: 1 | M143: 1 | N143: =IF(OR(NOT(OR(J143=0,J143=1)),NOT(OR(K143=0,K143=1)),NOT(OR(L143=0,L143=1)),NOT(OR(M143=0,M143=1)),NOT(OR(U143=0,U143=1))),"Yes","No") -> No | O143: =IF(OR(AND(M143=1,L143=0),AND(L143=1,K143=0),AND(K143=1,J143=0)),"Yes","No") -> No | P143: 404.4 | Q143: =IF(OR(AND(M143=0,P143>0),AND(M143=1,P143<=0)),"Yes","No") -> No | R143: =IF(AND(M143=1,P143>calc_helpers!$B$5),"Yes","No") -> No | S143: 0 | T143: =IF(S143>0,"Yes","No") -> No | U143: 0 | V143: 9 | W143: =IF(OR(AND(M143=1,ISBLANK(V143)),AND(M143=0,NOT(ISBLANK(V143)))),"Yes","No") -> No | X143: 80.6 | Y143: No | Z143: =IF(M143=1,P143,"") -> 404.4
A144: USR-100143 | B144: 45754 | C144: Control | D144: North | E144: Mobile | F144: No | G144: Paid Search | H144: No | I144: Free | J144: 1 | K144: 0 | L144: 0 | M144: 0 | N144: =IF(OR(NOT(OR(J144=0,J144=1)),NOT(OR(K144=0,K144=1)),NOT(OR(L144=0,L144=1)),NOT(OR(M144=0,M144=1)),NOT(OR(U144=0,U144=1))),"Yes","No") -> No | O144: =IF(OR(AND(M144=1,L144=0),AND(L144=1,K144=0),AND(K144=1,J144=0)),"Yes","No") -> No | P144: 0 | Q144: =IF(OR(AND(M144=0,P144>0),AND(M144=1,P144<=0)),"Yes","No") -> No | R144: =IF(AND(M144=1,P144>calc_helpers!$B$5),"Yes","No") -> No | S144: 0 | T144: =IF(S144>0,"Yes","No") -> No | U144: 0 | W144: =IF(OR(AND(M144=1,ISBLANK(V144)),AND(M144=0,NOT(ISBLANK(V144)))),"Yes","No") -> No | X144: 47.9 | Y144: No | Z144: =IF(M144=1,P144,"")
A145: USR-100144 | B145: 45663 | C145: Control | D145: East | E145: Mobile | F145: No | G145: Paid Search | H145: No | I145: Basic | J145: 1 | K145: 1 | L145: 0 | M145: 0 | N145: =IF(OR(NOT(OR(J145=0,J145=1)),NOT(OR(K145=0,K145=1)),NOT(OR(L145=0,L145=1)),NOT(OR(M145=0,M145=1)),NOT(OR(U145=0,U145=1))),"Yes","No") -> No | O145: =IF(OR(AND(M145=1,L145=0),AND(L145=1,K145=0),AND(K145=1,J145=0)),"Yes","No") -> No | P145: 0 | Q145: =IF(OR(AND(M145=0,P145>0),AND(M145=1,P145<=0)),"Yes","No") -> No | R145: =IF(AND(M145=1,P145>calc_helpers!$B$5),"Yes","No") -> No | S145: 0 | T145: =IF(S145>0,"Yes","No") -> No | U145: 0 | W145: =IF(OR(AND(M145=1,ISBLANK(V145)),AND(M145=0,NOT(ISBLANK(V145)))),"Yes","No") -> No | X145: 54.8 | Y145: No | Z145: =IF(M145=1,P145,"")
A146: USR-100145 | B146: 45758 | C146: Control | D146: East | E146: Mobile | F146: No | G146: Organic | H146: No | I146: Free | J146: 1 | K146: 0 | L146: 0 | M146: 0 | N146: =IF(OR(NOT(OR(J146=0,J146=1)),NOT(OR(K146=0,K146=1)),NOT(OR(L146=0,L146=1)),NOT(OR(M146=0,M146=1)),NOT(OR(U146=0,U146=1))),"Yes","No") -> No | O146: =IF(OR(AND(M146=1,L146=0),AND(L146=1,K146=0),AND(K146=1,J146=0)),"Yes","No") -> No | P146: 0 | Q146: =IF(OR(AND(M146=0,P146>0),AND(M146=1,P146<=0)),"Yes","No") -> No | R146: =IF(AND(M146=1,P146>calc_helpers!$B$5),"Yes","No") -> No | S146: 1 | T146: =IF(S146>0,"Yes","No") -> Yes | U146: 0 | W146: =IF(OR(AND(M146=1,ISBLANK(V146)),AND(M146=0,NOT(ISBLANK(V146)))),"Yes","No") -> No | X146: 53.9 | Y146: No | Z146: =IF(M146=1,P146,"")
A147: USR-100146 | B147: 45770 | C147: Control | D147: East | E147: Mobile | F147: No | G147: Paid Search | H147: No | I147: Free | J147: 1 | K147: 0 | L147: 0 | M147: 0 | N147: =IF(OR(NOT(OR(J147=0,J147=1)),NOT(OR(K147=0,K147=1)),NOT(OR(L147=0,L147=1)),NOT(OR(M147=0,M147=1)),NOT(OR(U147=0,U147=1))),"Yes","No") -> No | O147: =IF(OR(AND(M147=1,L147=0),AND(L147=1,K147=0),AND(K147=1,J147=0)),"Yes","No") -> No | P147: 0 | Q147: =IF(OR(AND(M147=0,P147>0),AND(M147=1,P147<=0)),"Yes","No") -> No | R147: =IF(AND(M147=1,P147>calc_helpers!$B$5),"Yes","No") -> No | S147: 0 | T147: =IF(S147>0,"Yes","No") -> No | U147: 0 | W147: =IF(OR(AND(M147=1,ISBLANK(V147)),AND(M147=0,NOT(ISBLANK(V147)))),"Yes","No") -> No | X147: 41.3 | Y147: No | Z147: =IF(M147=1,P147,"")
A148: USR-100147 | B148: 45741 | C148: Control | D148: West | E148: Mobile | F148: No | G148: Organic | H148: No | I148: Basic | J148: 1 | K148: 1 | L148: 0 | M148: 0 | N148: =IF(OR(NOT(OR(J148=0,J148=1)),NOT(OR(K148=0,K148=1)),NOT(OR(L148=0,L148=1)),NOT(OR(M148=0,M148=1)),NOT(OR(U148=0,U148=1))),"Yes","No") -> No | O148: =IF(OR(AND(M148=1,L148=0),AND(L148=1,K148=0),AND(K148=1,J148=0)),"Yes","No") -> No | P148: 0 | Q148: =IF(OR(AND(M148=0,P148>0),AND(M148=1,P148<=0)),"Yes","No") -> No | R148: =IF(AND(M148=1,P148>calc_helpers!$B$5),"Yes","No") -> No | S148: 0 | T148: =IF(S148>0,"Yes","No") -> No | U148: 0 | W148: =IF(OR(AND(M148=1,ISBLANK(V148)),AND(M148=0,NOT(ISBLANK(V148)))),"Yes","No") -> No | X148: 38.9 | Y148: No | Z148: =IF(M148=1,P148,"")
A149: USR-100148 | B149: 45802 | C149: Control | D149: South | E149: Desktop | F149: No | G149: Organic | H149: No | I149: Basic | J149: 1 | K149: 0 | L149: 0 | M149: 0 | N149: =IF(OR(NOT(OR(J149=0,J149=1)),NOT(OR(K149=0,K149=1)),NOT(OR(L149=0,L149=1)),NOT(OR(M149=0,M149=1)),NOT(OR(U149=0,U149=1))),"Yes","No") -> No | O149: =IF(OR(AND(M149=1,L149=0),AND(L149=1,K149=0),AND(K149=1,J149=0)),"Yes","No") -> No | P149: 0 | Q149: =IF(OR(AND(M149=0,P149>0),AND(M149=1,P149<=0)),"Yes","No") -> No | R149: =IF(AND(M149=1,P149>calc_helpers!$B$5),"Yes","No") -> No | S149: 0 | T149: =IF(S149>0,"Yes","No") -> No | U149: 0 | W149: =IF(OR(AND(M149=1,ISBLANK(V149)),AND(M149=0,NOT(ISBLANK(V149)))),"Yes","No") -> No | X149: 63.6 | Y149: No | Z149: =IF(M149=1,P149,"")
A150: USR-100149 | B150: 45685 | C150: Control | D150: North | E150: Mobile | F150: No | G150: Organic | H150: No | I150: Free | J150: 1 | K150: 1 | L150: 1 | M150: 1 | N150: =IF(OR(NOT(OR(J150=0,J150=1)),NOT(OR(K150=0,K150=1)),NOT(OR(L150=0,L150=1)),NOT(OR(M150=0,M150=1)),NOT(OR(U150=0,U150=1))),"Yes","No") -> No | O150: =IF(OR(AND(M150=1,L150=0),AND(L150=1,K150=0),AND(K150=1,J150=0)),"Yes","No") -> No | P150: 577.94 | Q150: =IF(OR(AND(M150=0,P150>0),AND(M150=1,P150<=0)),"Yes","No") -> No | R150: =IF(AND(M150=1,P150>calc_helpers!$B$5),"Yes","No") -> No | S150: 0 | T150: =IF(S150>0,"Yes","No") -> No | U150: 0 | V150: 9 | W150: =IF(OR(AND(M150=1,ISBLANK(V150)),AND(M150=0,NOT(ISBLANK(V150)))),"Yes","No") -> No | X150: 76.6 | Y150: No | Z150: =IF(M150=1,P150,"") -> 577.94
A151: USR-100150 | B151: 45700 | C151: Control | D151: West | E151: Mobile | F151: No | G151: Paid Search | H151: No | I151: Premium | J151: 0 | K151: 0 | L151: 0 | M151: 0 | N151: =IF(OR(NOT(OR(J151=0,J151=1)),NOT(OR(K151=0,K151=1)),NOT(OR(L151=0,L151=1)),NOT(OR(M151=0,M151=1)),NOT(OR(U151=0,U151=1))),"Yes","No") -> No | O151: =IF(OR(AND(M151=1,L151=0),AND(L151=1,K151=0),AND(K151=1,J151=0)),"Yes","No") -> No | P151: 0 | Q151: =IF(OR(AND(M151=0,P151>0),AND(M151=1,P151<=0)),"Yes","No") -> No | R151: =IF(AND(M151=1,P151>calc_helpers!$B$5),"Yes","No") -> No | S151: 1 | T151: =IF(S151>0,"Yes","No") -> Yes | U151: 0 | W151: =IF(OR(AND(M151=1,ISBLANK(V151)),AND(M151=0,NOT(ISBLANK(V151)))),"Yes","No") -> No | X151: 67.6 | Y151: No | Z151: =IF(M151=1,P151,"")
A152: USR-100151 | B152: 45776 | C152: Control | D152: North | E152: Mobile | F152: No | G152: Social | H152: No | I152: Premium | J152: 1 | K152: 0 | L152: 0 | M152: 0 | N152: =IF(OR(NOT(OR(J152=0,J152=1)),NOT(OR(K152=0,K152=1)),NOT(OR(L152=0,L152=1)),NOT(OR(M152=0,M152=1)),NOT(OR(U152=0,U152=1))),"Yes","No") -> No | O152: =IF(OR(AND(M152=1,L152=0),AND(L152=1,K152=0),AND(K152=1,J152=0)),"Yes","No") -> No | P152: 0 | Q152: =IF(OR(AND(M152=0,P152>0),AND(M152=1,P152<=0)),"Yes","No") -> No | R152: =IF(AND(M152=1,P152>calc_helpers!$B$5),"Yes","No") -> No | S152: 0 | T152: =IF(S152>0,"Yes","No") -> No | U152: 0 | W152: =IF(OR(AND(M152=1,ISBLANK(V152)),AND(M152=0,NOT(ISBLANK(V152)))),"Yes","No") -> No | X152: 43.1 | Y152: No | Z152: =IF(M152=1,P152,"")
A153: USR-100152 | B153: 45729 | C153: Control | D153: South | E153: Mobile | F153: No | G153: Email | H153: No | I153: Free | J153: 1 | K153: 0 | L153: 0 | M153: 0 | N153: =IF(OR(NOT(OR(J153=0,J153=1)),NOT(OR(K153=0,K153=1)),NOT(OR(L153=0,L153=1)),NOT(OR(M153=0,M153=1)),NOT(OR(U153=0,U153=1))),"Yes","No") -> No | O153: =IF(OR(AND(M153=1,L153=0),AND(L153=1,K153=0),AND(K153=1,J153=0)),"Yes","No") -> No | P153: 0 | Q153: =IF(OR(AND(M153=0,P153>0),AND(M153=1,P153<=0)),"Yes","No") -> No | R153: =IF(AND(M153=1,P153>calc_helpers!$B$5),"Yes","No") -> No | S153: 0 | T153: =IF(S153>0,"Yes","No") -> No | U153: 0 | W153: =IF(OR(AND(M153=1,ISBLANK(V153)),AND(M153=0,NOT(ISBLANK(V153)))),"Yes","No") -> No | X153: 58.3 | Y153: No | Z153: =IF(M153=1,P153,"")
A154: USR-100153 | B154: 45692 | C154: Control | D154: East | E154: Desktop | F154: No | G154: Paid Search | H154: No | I154: Free | J154: 1 | K154: 0 | L154: 0 | M154: 0 | N154: =IF(OR(NOT(OR(J154=0,J154=1)),NOT(OR(K154=0,K154=1)),NOT(OR(L154=0,L154=1)),NOT(OR(M154=0,M154=1)),NOT(OR(U154=0,U154=1))),"Yes","No") -> No | O154: =IF(OR(AND(M154=1,L154=0),AND(L154=1,K154=0),AND(K154=1,J154=0)),"Yes","No") -> No | P154: 0 | Q154: =IF(OR(AND(M154=0,P154>0),AND(M154=1,P154<=0)),"Yes","No") -> No | R154: =IF(AND(M154=1,P154>calc_helpers!$B$5),"Yes","No") -> No | S154: 0 | T154: =IF(S154>0,"Yes","No") -> No | U154: 0 | W154: =IF(OR(AND(M154=1,ISBLANK(V154)),AND(M154=0,NOT(ISBLANK(V154)))),"Yes","No") -> No | X154: 69.8 | Y154: No | Z154: =IF(M154=1,P154,"")
A155: USR-100154 | B155: 45720 | C155: Control | D155: South | E155: Mobile | F155: No | G155: Referral | H155: No | I155: Free | J155: 1 | K155: 1 | L155: 0 | M155: 0 | N155: =IF(OR(NOT(OR(J155=0,J155=1)),NOT(OR(K155=0,K155=1)),NOT(OR(L155=0,L155=1)),NOT(OR(M155=0,M155=1)),NOT(OR(U155=0,U155=1))),"Yes","No") -> No | O155: =IF(OR(AND(M155=1,L155=0),AND(L155=1,K155=0),AND(K155=1,J155=0)),"Yes","No") -> No | P155: 0 | Q155: =IF(OR(AND(M155=0,P155>0),AND(M155=1,P155<=0)),"Yes","No") -> No | R155: =IF(AND(M155=1,P155>calc_helpers!$B$5),"Yes","No") -> No | S155: 0 | T155: =IF(S155>0,"Yes","No") -> No | U155: 0 | W155: =IF(OR(AND(M155=1,ISBLANK(V155)),AND(M155=0,NOT(ISBLANK(V155)))),"Yes","No") -> No | Y155: Yes | Z155: =IF(M155=1,P155,"")
A156: USR-100155 | B156: 45692 | C156: Control | D156: West | E156: Mobile | F156: No | G156: Paid Search | H156: No | I156: Basic | J156: 1 | K156: 1 | L156: 0 | M156: 0 | N156: =IF(OR(NOT(OR(J156=0,J156=1)),NOT(OR(K156=0,K156=1)),NOT(OR(L156=0,L156=1)),NOT(OR(M156=0,M156=1)),NOT(OR(U156=0,U156=1))),"Yes","No") -> No | O156: =IF(OR(AND(M156=1,L156=0),AND(L156=1,K156=0),AND(K156=1,J156=0)),"Yes","No") -> No | P156: 0 | Q156: =IF(OR(AND(M156=0,P156>0),AND(M156=1,P156<=0)),"Yes","No") -> No | R156: =IF(AND(M156=1,P156>calc_helpers!$B$5),"Yes","No") -> No | S156: 0 | T156: =IF(S156>0,"Yes","No") -> No | U156: 0 | W156: =IF(OR(AND(M156=1,ISBLANK(V156)),AND(M156=0,NOT(ISBLANK(V156)))),"Yes","No") -> No | X156: 41.9 | Y156: No | Z156: =IF(M156=1,P156,"")
A157: USR-100156 | B157: 45727 | C157: Control | D157: North | E157: Desktop | F157: No | G157: Organic | H157: No | I157: Free | J157: 0 | K157: 0 | L157: 0 | M157: 0 | N157: =IF(OR(NOT(OR(J157=0,J157=1)),NOT(OR(K157=0,K157=1)),NOT(OR(L157=0,L157=1)),NOT(OR(M157=0,M157=1)),NOT(OR(U157=0,U157=1))),"Yes","No") -> No | O157: =IF(OR(AND(M157=1,L157=0),AND(L157=1,K157=0),AND(K157=1,J157=0)),"Yes","No") -> No | P157: 0 | Q157: =IF(OR(AND(M157=0,P157>0),AND(M157=1,P157<=0)),"Yes","No") -> No | R157: =IF(AND(M157=1,P157>calc_helpers!$B$5),"Yes","No") -> No | S157: 0 | T157: =IF(S157>0,"Yes","No") -> No | U157: 0 | W157: =IF(OR(AND(M157=1,ISBLANK(V157)),AND(M157=0,NOT(ISBLANK(V157)))),"Yes","No") -> No | X157: 33.1 | Y157: No | Z157: =IF(M157=1,P157,"")
A158: USR-100157 | B158: 45769 | C158: Control | D158: West | E158: Mobile | F158: No | G158: Organic | H158: No | I158: Free | J158: 0 | K158: 0 | L158: 0 | M158: 0 | N158: =IF(OR(NOT(OR(J158=0,J158=1)),NOT(OR(K158=0,K158=1)),NOT(OR(L158=0,L158=1)),NOT(OR(M158=0,M158=1)),NOT(OR(U158=0,U158=1))),"Yes","No") -> No | O158: =IF(OR(AND(M158=1,L158=0),AND(L158=1,K158=0),AND(K158=1,J158=0)),"Yes","No") -> No | P158: 0 | Q158: =IF(OR(AND(M158=0,P158>0),AND(M158=1,P158<=0)),"Yes","No") -> No | R158: =IF(AND(M158=1,P158>calc_helpers!$B$5),"Yes","No") -> No | S158: 0 | T158: =IF(S158>0,"Yes","No") -> No | U158: 0 | W158: =IF(OR(AND(M158=1,ISBLANK(V158)),AND(M158=0,NOT(ISBLANK(V158)))),"Yes","No") -> No | X158: 58.6 | Y158: No | Z158: =IF(M158=1,P158,"")
A159: USR-100158 | B159: 45724 | C159: Control | D159: North | E159: Desktop | F159: No | G159: Paid Search | H159: No | I159: Free | J159: 0 | K159: 0 | L159: 0 | M159: 0 | N159: =IF(OR(NOT(OR(J159=0,J159=1)),NOT(OR(K159=0,K159=1)),NOT(OR(L159=0,L159=1)),NOT(OR(M159=0,M159=1)),NOT(OR(U159=0,U159=1))),"Yes","No") -> No | O159: =IF(OR(AND(M159=1,L159=0),AND(L159=1,K159=0),AND(K159=1,J159=0)),"Yes","No") -> No | P159: 0 | Q159: =IF(OR(AND(M159=0,P159>0),AND(M159=1,P159<=0)),"Yes","No") -> No | R159: =IF(AND(M159=1,P159>calc_helpers!$B$5),"Yes","No") -> No | S159: 0 | T159: =IF(S159>0,"Yes","No") -> No | U159: 0 | W159: =IF(OR(AND(M159=1,ISBLANK(V159)),AND(M159=0,NOT(ISBLANK(V159)))),"Yes","No") -> No | X159: 55.7 | Y159: No | Z159: =IF(M159=1,P159,"")
A160: USR-100159 | B160: 45726 | C160: Control | D160: East | E160: Mobile | F160: No | G160: Organic | H160: No | I160: Free | J160: 0 | K160: 0 | L160: 0 | M160: 0 | N160: =IF(OR(NOT(OR(J160=0,J160=1)),NOT(OR(K160=0,K160=1)),NOT(OR(L160=0,L160=1)),NOT(OR(M160=0,M160=1)),NOT(OR(U160=0,U160=1))),"Yes","No") -> No | O160: =IF(OR(AND(M160=1,L160=0),AND(L160=1,K160=0),AND(K160=1,J160=0)),"Yes","No") -> No | P160: 0 | Q160: =IF(OR(AND(M160=0,P160>0),AND(M160=1,P160<=0)),"Yes","No") -> No | R160: =IF(AND(M160=1,P160>calc_helpers!$B$5),"Yes","No") -> No | S160: 2 | T160: =IF(S160>0,"Yes","No") -> Yes | U160: 0 | W160: =IF(OR(AND(M160=1,ISBLANK(V160)),AND(M160=0,NOT(ISBLANK(V160)))),"Yes","No") -> No | X160: 64.9 | Y160: No | Z160: =IF(M160=1,P160,"")
A161: USR-100160 | B161: 45795 | C161: Control | D161: North | E161: Desktop | F161: No | G161: Paid Search | H161: No | I161: Basic | J161: 0 | K161: 0 | L161: 0 | M161: 0 | N161: =IF(OR(NOT(OR(J161=0,J161=1)),NOT(OR(K161=0,K161=1)),NOT(OR(L161=0,L161=1)),NOT(OR(M161=0,M161=1)),NOT(OR(U161=0,U161=1))),"Yes","No") -> No | O161: =IF(OR(AND(M161=1,L161=0),AND(L161=1,K161=0),AND(K161=1,J161=0)),"Yes","No") -> No | P161: 0 | Q161: =IF(OR(AND(M161=0,P161>0),AND(M161=1,P161<=0)),"Yes","No") -> No | R161: =IF(AND(M161=1,P161>calc_helpers!$B$5),"Yes","No") -> No | S161: 0 | T161: =IF(S161>0,"Yes","No") -> No | U161: 0 | W161: =IF(OR(AND(M161=1,ISBLANK(V161)),AND(M161=0,NOT(ISBLANK(V161)))),"Yes","No") -> No | X161: 72.3 | Y161: No | Z161: =IF(M161=1,P161,"")
A162: USR-100161 | B162: 45791 | C162: Control | D162: North | E162: Mobile | F162: No | G162: Social | H162: No | I162: Basic | J162: 0 | K162: 0 | L162: 0 | M162: 0 | N162: =IF(OR(NOT(OR(J162=0,J162=1)),NOT(OR(K162=0,K162=1)),NOT(OR(L162=0,L162=1)),NOT(OR(M162=0,M162=1)),NOT(OR(U162=0,U162=1))),"Yes","No") -> No | O162: =IF(OR(AND(M162=1,L162=0),AND(L162=1,K162=0),AND(K162=1,J162=0)),"Yes","No") -> No | P162: 0 | Q162: =IF(OR(AND(M162=0,P162>0),AND(M162=1,P162<=0)),"Yes","No") -> No | R162: =IF(AND(M162=1,P162>calc_helpers!$B$5),"Yes","No") -> No | S162: 0 | T162: =IF(S162>0,"Yes","No") -> No | U162: 0 | W162: =IF(OR(AND(M162=1,ISBLANK(V162)),AND(M162=0,NOT(ISBLANK(V162)))),"Yes","No") -> No | X162: 42.1 | Y162: No | Z162: =IF(M162=1,P162,"")
A163: USR-100162 | B163: 45689 | C163: Control | D163: North | E163: Mobile | F163: No | G163: Organic | H163: No | I163: Free | J163: 0 | K163: 0 | L163: 0 | M163: 0 | N163: =IF(OR(NOT(OR(J163=0,J163=1)),NOT(OR(K163=0,K163=1)),NOT(OR(L163=0,L163=1)),NOT(OR(M163=0,M163=1)),NOT(OR(U163=0,U163=1))),"Yes","No") -> No | O163: =IF(OR(AND(M163=1,L163=0),AND(L163=1,K163=0),AND(K163=1,J163=0)),"Yes","No") -> No | P163: 0 | Q163: =IF(OR(AND(M163=0,P163>0),AND(M163=1,P163<=0)),"Yes","No") -> No | R163: =IF(AND(M163=1,P163>calc_helpers!$B$5),"Yes","No") -> No | S163: 0 | T163: =IF(S163>0,"Yes","No") -> No | U163: 0 | W163: =IF(OR(AND(M163=1,ISBLANK(V163)),AND(M163=0,NOT(ISBLANK(V163)))),"Yes","No") -> No | Y163: Yes | Z163: =IF(M163=1,P163,"")
A164: USR-100163 | B164: 45758 | C164: Control | D164: South | E164: Mobile | F164: No | G164: Organic | H164: No | I164: Basic | J164: 0 | K164: 0 | L164: 0 | M164: 0 | N164: =IF(OR(NOT(OR(J164=0,J164=1)),NOT(OR(K164=0,K164=1)),NOT(OR(L164=0,L164=1)),NOT(OR(M164=0,M164=1)),NOT(OR(U164=0,U164=1))),"Yes","No") -> No | O164: =IF(OR(AND(M164=1,L164=0),AND(L164=1,K164=0),AND(K164=1,J164=0)),"Yes","No") -> No | P164: 0 | Q164: =IF(OR(AND(M164=0,P164>0),AND(M164=1,P164<=0)),"Yes","No") -> No | R164: =IF(AND(M164=1,P164>calc_helpers!$B$5),"Yes","No") -> No | S164: 1 | T164: =IF(S164>0,"Yes","No") -> Yes | U164: 0 | W164: =IF(OR(AND(M164=1,ISBLANK(V164)),AND(M164=0,NOT(ISBLANK(V164)))),"Yes","No") -> No | X164: 64.8 | Y164: No | Z164: =IF(M164=1,P164,"")
A165: USR-100164 | B165: 45702 | C165: Control | D165: East | E165: Mobile | F165: No | G165: Organic | H165: No | I165: Free | J165: 0 | K165: 0 | L165: 0 | M165: 0 | N165: =IF(OR(NOT(OR(J165=0,J165=1)),NOT(OR(K165=0,K165=1)),NOT(OR(L165=0,L165=1)),NOT(OR(M165=0,M165=1)),NOT(OR(U165=0,U165=1))),"Yes","No") -> No | O165: =IF(OR(AND(M165=1,L165=0),AND(L165=1,K165=0),AND(K165=1,J165=0)),"Yes","No") -> No | P165: 0 | Q165: =IF(OR(AND(M165=0,P165>0),AND(M165=1,P165<=0)),"Yes","No") -> No | R165: =IF(AND(M165=1,P165>calc_helpers!$B$5),"Yes","No") -> No | S165: 0 | T165: =IF(S165>0,"Yes","No") -> No | U165: 0 | W165: =IF(OR(AND(M165=1,ISBLANK(V165)),AND(M165=0,NOT(ISBLANK(V165)))),"Yes","No") -> No | X165: 72.1 | Y165: No | Z165: =IF(M165=1,P165,"")
A166: USR-100165 | B166: 45796 | C166: Control | D166: East | E166: Mobile | F166: No | G166: Social | H166: No | I166: Free | J166: 1 | K166: 0 | L166: 0 | M166: 0 | N166: =IF(OR(NOT(OR(J166=0,J166=1)),NOT(OR(K166=0,K166=1)),NOT(OR(L166=0,L166=1)),NOT(OR(M166=0,M166=1)),NOT(OR(U166=0,U166=1))),"Yes","No") -> No | O166: =IF(OR(AND(M166=1,L166=0),AND(L166=1,K166=0),AND(K166=1,J166=0)),"Yes","No") -> No | P166: 0 | Q166: =IF(OR(AND(M166=0,P166>0),AND(M166=1,P166<=0)),"Yes","No") -> No | R166: =IF(AND(M166=1,P166>calc_helpers!$B$5),"Yes","No") -> No | S166: 0 | T166: =IF(S166>0,"Yes","No") -> No | U166: 0 | W166: =IF(OR(AND(M166=1,ISBLANK(V166)),AND(M166=0,NOT(ISBLANK(V166)))),"Yes","No") -> No | X166: 50.6 | Y166: No | Z166: =IF(M166=1,P166,"")
A167: USR-100166 | B167: 45773 | C167: Control | D167: North | E167: Desktop | F167: No | G167: Paid Search | H167: No | I167: Basic | J167: 1 | K167: 1 | L167: 1 | M167: 1 | N167: =IF(OR(NOT(OR(J167=0,J167=1)),NOT(OR(K167=0,K167=1)),NOT(OR(L167=0,L167=1)),NOT(OR(M167=0,M167=1)),NOT(OR(U167=0,U167=1))),"Yes","No") -> No | O167: =IF(OR(AND(M167=1,L167=0),AND(L167=1,K167=0),AND(K167=1,J167=0)),"Yes","No") -> No | P167: 1281.25 | Q167: =IF(OR(AND(M167=0,P167>0),AND(M167=1,P167<=0)),"Yes","No") -> No | R167: =IF(AND(M167=1,P167>calc_helpers!$B$5),"Yes","No") -> No | S167: 1 | T167: =IF(S167>0,"Yes","No") -> Yes | U167: 0 | V167: 9 | W167: =IF(OR(AND(M167=1,ISBLANK(V167)),AND(M167=0,NOT(ISBLANK(V167)))),"Yes","No") -> No | X167: 43.4 | Y167: No | Z167: =IF(M167=1,P167,"") -> 1281.25
A168: USR-100167 | B168: 45753 | C168: Control | D168: South | E168: Mobile | F168: No | G168: Social | H168: No | I168: Free | J168: 1 | K168: 0 | L168: 0 | M168: 0 | N168: =IF(OR(NOT(OR(J168=0,J168=1)),NOT(OR(K168=0,K168=1)),NOT(OR(L168=0,L168=1)),NOT(OR(M168=0,M168=1)),NOT(OR(U168=0,U168=1))),"Yes","No") -> No | O168: =IF(OR(AND(M168=1,L168=0),AND(L168=1,K168=0),AND(K168=1,J168=0)),"Yes","No") -> No | P168: 0 | Q168: =IF(OR(AND(M168=0,P168>0),AND(M168=1,P168<=0)),"Yes","No") -> No | R168: =IF(AND(M168=1,P168>calc_helpers!$B$5),"Yes","No") -> No | S168: 0 | T168: =IF(S168>0,"Yes","No") -> No | U168: 0 | W168: =IF(OR(AND(M168=1,ISBLANK(V168)),AND(M168=0,NOT(ISBLANK(V168)))),"Yes","No") -> No | X168: 59.7 | Y168: No | Z168: =IF(M168=1,P168,"")
A169: USR-100168 | B169: 45722 | C169: Control | D169: South | E169: Mobile | F169: No | G169: Paid Search | H169: No | I169: Free | J169: 1 | K169: 0 | L169: 0 | M169: 0 | N169: =IF(OR(NOT(OR(J169=0,J169=1)),NOT(OR(K169=0,K169=1)),NOT(OR(L169=0,L169=1)),NOT(OR(M169=0,M169=1)),NOT(OR(U169=0,U169=1))),"Yes","No") -> No | O169: =IF(OR(AND(M169=1,L169=0),AND(L169=1,K169=0),AND(K169=1,J169=0)),"Yes","No") -> No | P169: 0 | Q169: =IF(OR(AND(M169=0,P169>0),AND(M169=1,P169<=0)),"Yes","No") -> No | R169: =IF(AND(M169=1,P169>calc_helpers!$B$5),"Yes","No") -> No | S169: 1 | T169: =IF(S169>0,"Yes","No") -> Yes | U169: 0 | W169: =IF(OR(AND(M169=1,ISBLANK(V169)),AND(M169=0,NOT(ISBLANK(V169)))),"Yes","No") -> No | Y169: Yes | Z169: =IF(M169=1,P169,"")
A170: USR-100169 | B170: 45726 | C170: Control | D170: West | E170: Mobile | F170: No | G170: Social | H170: No | I170: Basic | J170: 0 | K170: 0 | L170: 0 | M170: 0 | N170: =IF(OR(NOT(OR(J170=0,J170=1)),NOT(OR(K170=0,K170=1)),NOT(OR(L170=0,L170=1)),NOT(OR(M170=0,M170=1)),NOT(OR(U170=0,U170=1))),"Yes","No") -> No | O170: =IF(OR(AND(M170=1,L170=0),AND(L170=1,K170=0),AND(K170=1,J170=0)),"Yes","No") -> No | P170: 0 | Q170: =IF(OR(AND(M170=0,P170>0),AND(M170=1,P170<=0)),"Yes","No") -> No | R170: =IF(AND(M170=1,P170>calc_helpers!$B$5),"Yes","No") -> No | S170: 0 | T170: =IF(S170>0,"Yes","No") -> No | U170: 0 | W170: =IF(OR(AND(M170=1,ISBLANK(V170)),AND(M170=0,NOT(ISBLANK(V170)))),"Yes","No") -> No | X170: 54.5 | Y170: No | Z170: =IF(M170=1,P170,"")
A171: USR-100170 | B171: 45746 | C171: Control | D171: North | E171: Mobile | F171: No | G171: Organic | H171: No | I171: Free | J171: 1 | K171: 0 | L171: 0 | M171: 0 | N171: =IF(OR(NOT(OR(J171=0,J171=1)),NOT(OR(K171=0,K171=1)),NOT(OR(L171=0,L171=1)),NOT(OR(M171=0,M171=1)),NOT(OR(U171=0,U171=1))),"Yes","No") -> No | O171: =IF(OR(AND(M171=1,L171=0),AND(L171=1,K171=0),AND(K171=1,J171=0)),"Yes","No") -> No | P171: 0 | Q171: =IF(OR(AND(M171=0,P171>0),AND(M171=1,P171<=0)),"Yes","No") -> No | R171: =IF(AND(M171=1,P171>calc_helpers!$B$5),"Yes","No") -> No | S171: 0 | T171: =IF(S171>0,"Yes","No") -> No | U171: 0 | W171: =IF(OR(AND(M171=1,ISBLANK(V171)),AND(M171=0,NOT(ISBLANK(V171)))),"Yes","No") -> No | X171: 71.1 | Y171: No | Z171: =IF(M171=1,P171,"")
A172: USR-100171 | B172: 45806 | C172: Control | D172: East | E172: Unknown | F172: Yes | G172: Paid Search | H172: No | I172: Free | J172: 1 | K172: 1 | L172: 1 | M172: 0 | N172: =IF(OR(NOT(OR(J172=0,J172=1)),NOT(OR(K172=0,K172=1)),NOT(OR(L172=0,L172=1)),NOT(OR(M172=0,M172=1)),NOT(OR(U172=0,U172=1))),"Yes","No") -> No | O172: =IF(OR(AND(M172=1,L172=0),AND(L172=1,K172=0),AND(K172=1,J172=0)),"Yes","No") -> No | P172: 0 | Q172: =IF(OR(AND(M172=0,P172>0),AND(M172=1,P172<=0)),"Yes","No") -> No | R172: =IF(AND(M172=1,P172>calc_helpers!$B$5),"Yes","No") -> No | S172: 0 | T172: =IF(S172>0,"Yes","No") -> No | U172: 0 | W172: =IF(OR(AND(M172=1,ISBLANK(V172)),AND(M172=0,NOT(ISBLANK(V172)))),"Yes","No") -> No | X172: 44.4 | Y172: No | Z172: =IF(M172=1,P172,"")
A173: USR-100172 | B173: 45739 | C173: Control | D173: North | E173: Mobile | F173: No | G173: Organic | H173: No | I173: Free | J173: 1 | K173: 0 | L173: 0 | M173: 0 | N173: =IF(OR(NOT(OR(J173=0,J173=1)),NOT(OR(K173=0,K173=1)),NOT(OR(L173=0,L173=1)),NOT(OR(M173=0,M173=1)),NOT(OR(U173=0,U173=1))),"Yes","No") -> No | O173: =IF(OR(AND(M173=1,L173=0),AND(L173=1,K173=0),AND(K173=1,J173=0)),"Yes","No") -> No | P173: 0 | Q173: =IF(OR(AND(M173=0,P173>0),AND(M173=1,P173<=0)),"Yes","No") -> No | R173: =IF(AND(M173=1,P173>calc_helpers!$B$5),"Yes","No") -> No | S173: 0 | T173: =IF(S173>0,"Yes","No") -> No | U173: 0 | W173: =IF(OR(AND(M173=1,ISBLANK(V173)),AND(M173=0,NOT(ISBLANK(V173)))),"Yes","No") -> No | X173: 61.7 | Y173: No | Z173: =IF(M173=1,P173,"")
A174: USR-100173 | B174: 45706 | C174: Control | D174: North | E174: Tablet | F174: No | G174: Organic | H174: No | I174: Basic | J174: 0 | K174: 0 | L174: 0 | M174: 0 | N174: =IF(OR(NOT(OR(J174=0,J174=1)),NOT(OR(K174=0,K174=1)),NOT(OR(L174=0,L174=1)),NOT(OR(M174=0,M174=1)),NOT(OR(U174=0,U174=1))),"Yes","No") -> No | O174: =IF(OR(AND(M174=1,L174=0),AND(L174=1,K174=0),AND(K174=1,J174=0)),"Yes","No") -> No | P174: 0 | Q174: =IF(OR(AND(M174=0,P174>0),AND(M174=1,P174<=0)),"Yes","No") -> No | R174: =IF(AND(M174=1,P174>calc_helpers!$B$5),"Yes","No") -> No | S174: 1 | T174: =IF(S174>0,"Yes","No") -> Yes | U174: 0 | W174: =IF(OR(AND(M174=1,ISBLANK(V174)),AND(M174=0,NOT(ISBLANK(V174)))),"Yes","No") -> No | X174: 81.3 | Y174: No | Z174: =IF(M174=1,P174,"")
A175: USR-100174 | B175: 45683 | C175: Control | D175: North | E175: Desktop | F175: No | G175: Email | H175: No | I175: Free | J175: 1 | K175: 0 | L175: 0 | M175: 0 | N175: =IF(OR(NOT(OR(J175=0,J175=1)),NOT(OR(K175=0,K175=1)),NOT(OR(L175=0,L175=1)),NOT(OR(M175=0,M175=1)),NOT(OR(U175=0,U175=1))),"Yes","No") -> No | O175: =IF(OR(AND(M175=1,L175=0),AND(L175=1,K175=0),AND(K175=1,J175=0)),"Yes","No") -> No | P175: 0 | Q175: =IF(OR(AND(M175=0,P175>0),AND(M175=1,P175<=0)),"Yes","No") -> No | R175: =IF(AND(M175=1,P175>calc_helpers!$B$5),"Yes","No") -> No | S175: 2 | T175: =IF(S175>0,"Yes","No") -> Yes | U175: 0 | W175: =IF(OR(AND(M175=1,ISBLANK(V175)),AND(M175=0,NOT(ISBLANK(V175)))),"Yes","No") -> No | X175: 28.7 | Y175: No | Z175: =IF(M175=1,P175,"")
A176: USR-100175 | B176: 45770 | C176: Control | D176: East | E176: Mobile | F176: No | G176: Social | H176: No | I176: Basic | J176: 0 | K176: 0 | L176: 0 | M176: 0 | N176: =IF(OR(NOT(OR(J176=0,J176=1)),NOT(OR(K176=0,K176=1)),NOT(OR(L176=0,L176=1)),NOT(OR(M176=0,M176=1)),NOT(OR(U176=0,U176=1))),"Yes","No") -> No | O176: =IF(OR(AND(M176=1,L176=0),AND(L176=1,K176=0),AND(K176=1,J176=0)),"Yes","No") -> No | P176: 0 | Q176: =IF(OR(AND(M176=0,P176>0),AND(M176=1,P176<=0)),"Yes","No") -> No | R176: =IF(AND(M176=1,P176>calc_helpers!$B$5),"Yes","No") -> No | S176: 0 | T176: =IF(S176>0,"Yes","No") -> No | U176: 0 | W176: =IF(OR(AND(M176=1,ISBLANK(V176)),AND(M176=0,NOT(ISBLANK(V176)))),"Yes","No") -> No | X176: 53 | Y176: No | Z176: =IF(M176=1,P176,"")
A177: USR-100176 | B177: 45732 | C177: Control | D177: South | E177: Tablet | F177: No | G177: Referral | H177: No | I177: Basic | J177: 1 | K177: 0 | L177: 0 | M177: 0 | N177: =IF(OR(NOT(OR(J177=0,J177=1)),NOT(OR(K177=0,K177=1)),NOT(OR(L177=0,L177=1)),NOT(OR(M177=0,M177=1)),NOT(OR(U177=0,U177=1))),"Yes","No") -> No | O177: =IF(OR(AND(M177=1,L177=0),AND(L177=1,K177=0),AND(K177=1,J177=0)),"Yes","No") -> No | P177: 0 | Q177: =IF(OR(AND(M177=0,P177>0),AND(M177=1,P177<=0)),"Yes","No") -> No | R177: =IF(AND(M177=1,P177>calc_helpers!$B$5),"Yes","No") -> No | S177: 0 | T177: =IF(S177>0,"Yes","No") -> No | U177: 0 | W177: =IF(OR(AND(M177=1,ISBLANK(V177)),AND(M177=0,NOT(ISBLANK(V177)))),"Yes","No") -> No | X177: 54.9 | Y177: No | Z177: =IF(M177=1,P177,"")
A178: USR-100177 | B178: 45776 | C178: Control | D178: West | E178: Mobile | F178: No | G178: Organic | H178: No | I178: Basic | J178: 1 | K178: 0 | L178: 0 | M178: 0 | N178: =IF(OR(NOT(OR(J178=0,J178=1)),NOT(OR(K178=0,K178=1)),NOT(OR(L178=0,L178=1)),NOT(OR(M178=0,M178=1)),NOT(OR(U178=0,U178=1))),"Yes","No") -> No | O178: =IF(OR(AND(M178=1,L178=0),AND(L178=1,K178=0),AND(K178=1,J178=0)),"Yes","No") -> No | P178: 0 | Q178: =IF(OR(AND(M178=0,P178>0),AND(M178=1,P178<=0)),"Yes","No") -> No | R178: =IF(AND(M178=1,P178>calc_helpers!$B$5),"Yes","No") -> No | S178: 0 | T178: =IF(S178>0,"Yes","No") -> No | U178: 0 | W178: =IF(OR(AND(M178=1,ISBLANK(V178)),AND(M178=0,NOT(ISBLANK(V178)))),"Yes","No") -> No | X178: 58.2 | Y178: No | Z178: =IF(M178=1,P178,"")
A179: USR-100178 | B179: 45753 | C179: Control | D179: North | E179: Mobile | F179: No | G179: Organic | H179: No | I179: Free | J179: 0 | K179: 0 | L179: 0 | M179: 0 | N179: =IF(OR(NOT(OR(J179=0,J179=1)),NOT(OR(K179=0,K179=1)),NOT(OR(L179=0,L179=1)),NOT(OR(M179=0,M179=1)),NOT(OR(U179=0,U179=1))),"Yes","No") -> No | O179: =IF(OR(AND(M179=1,L179=0),AND(L179=1,K179=0),AND(K179=1,J179=0)),"Yes","No") -> No | P179: 0 | Q179: =IF(OR(AND(M179=0,P179>0),AND(M179=1,P179<=0)),"Yes","No") -> No | R179: =IF(AND(M179=1,P179>calc_helpers!$B$5),"Yes","No") -> No | S179: 0 | T179: =IF(S179>0,"Yes","No") -> No | U179: 0 | W179: =IF(OR(AND(M179=1,ISBLANK(V179)),AND(M179=0,NOT(ISBLANK(V179)))),"Yes","No") -> No | X179: 80.6 | Y179: No | Z179: =IF(M179=1,P179,"")
...

Sheet calc_helpers
A1: Revenue outlier bound (converted users only, IQR method)
A2: Q1 (25th pct, converted revenue) | B2: =QUARTILE(experiment_data_clean!Z2:Z1401,1) -> 404.02
A3: Q3 (75th pct, converted revenue) | B3: =QUARTILE(experiment_data_clean!Z2:Z1401,3) -> 1178.665
A4: IQR | B4: =B3-B2 -> 774.645
A5: Upper bound (Q3 + 1.5*IQR) | B5: =B3+1.5*B4 -> 2340.6325

Sheet data_quality_checks
A1: Check | B1: Result | C1: Action Taken
A2: Raw row count | B2: 1408
A3: Exact duplicate rows found (full-row duplicates) | B3: 8 | C3: Removed, kept first occurrence
A4: Rows after deduplication | B4: 1400
A5: Remaining duplicate user_ids with conflicting data | B5: 0 | C5: None found — no manual review needed
A6: Missing device_type | B6: 18 | C6: Filled "Unknown", flagged device_type_filled_flag
A7: Missing traffic_source | B7: 24 | C7: Filled "Unknown", flagged traffic_source_filled_flag
A8: Missing engagement_score | B8: 14 | C8: Left blank, flagged engagement_score_missing_flag, excluded from average calculations (not imputed, to avoid biasing the metric)
A9: Invalid binary values (not 0/1) across all 5 binary columns | B9: 0 | C9: None found — confirmed via invalid_binary_flag, all values clean
A10: Funnel-logic inconsistencies (e.g. converted but never onboarded) | B10: 0 | C10: None found — funnel data is internally consistent
A11: Revenue/conversion logic mismatches | B11: 0 | C11: None found — revenue is 0 exactly when not converted, >0 exactly when converted
A12: days_to_convert logic mismatches | B12: 0 | C12: None found — populated only for converted users, as expected
A13: Revenue outliers among converted users (IQR method) | B13: 4 | C13: Flagged (not removed) — reviewed separately as part of guardrail / revenue-quality analysis
A14: Group counts after cleaning | B14: Control 690 / Treatment 710 | C14: Reasonably balanced, no group-size concern
A15: Segment distribution across groups (region/device/traffic/plan) | B15: Balanced | C15: See experiment_summary.xlsx segment sheets — no major skew that would suggest broken randomization
